home_id,away_id,venue_id,datetime
108,107,95,2023-09-04 14:10:00
123,113,110,2023-09-04 14:20:00
105,110,92,2023-09-04 16:05:00
112,118,99,2023-09-04 16:07:00
98,102,85,2023-09-04 16:10:00
106,119,93,2023-09-04 16:10:00
121,104,108,2023-09-04 16:10:00
117,120,104,2023-09-04 18:10:00
116,95,103,2023-09-04 18:35:00
115,100,102,2023-09-04 18:40:00
96,114,83,2023-09-04 21:38:00
117,120,104,2023-09-05 18:10:00
116,95,103,2023-09-05 18:35:00
106,119,93,2023-09-05 18:40:00
109,103,96,2023-09-05 18:40:00
121,104,108,2023-09-05 18:40:00
124,101,111,2023-09-05 19:05:00
111,99,98,2023-09-05 19:05:00
122,97,109,2023-09-05 19:20:00
123,113,110,2023-09-05 19:40:00
108,107,95,2023-09-05 19:40:00
105,110,92,2023-09-05 20:05:00
96,114,83,2023-09-05 21:38:00
98,102,85,2023-09-05 21:40:00
112,118,99,2023-09-05 21:40:00
115,100,102,2023-09-05 21:40:00
116,95,103,2023-09-06 12:35:00
117,120,104,2023-09-06 13:10:00
123,113,110,2023-09-06 14:20:00
112,118,99,2023-09-06 15:37:00
98,102,85,2023-09-06 15:40:00
115,100,102,2023-09-06 16:10:00
106,119,93,2023-09-06 18:40:00
109,103,96,2023-09-06 18:40:00
121,104,108,2023-09-06 18:40:00
124,101,111,2023-09-06 19:05:00
111,99,98,2023-09-06 19:05:00
122,97,109,2023-09-06 19:20:00
108,107,95,2023-09-06 19:40:00
105,110,92,2023-09-06 20:05:00
96,114,83,2023-09-06 21:38:00
109,103,96,2023-09-07 18:40:00
121,119,108,2023-09-07 18:40:00
124,101,111,2023-09-07 19:05:00
122,97,109,2023-09-07 19:20:00
123,98,110,2023-09-07 19:40:00
96,117,83,2023-09-07 21:38:00
123,98,110,2023-09-08 14:20:00
106,97,93,2023-09-08 18:40:00
101,107,88,2023-09-08 18:40:00
121,119,108,2023-09-08 18:40:00
124,95,111,2023-09-08 19:05:00
100,109,87,2023-09-08 19:05:00
111,103,98,2023-09-08 19:05:00
118,108,105,2023-09-08 19:07:00
104,114,91,2023-09-08 19:10:00
122,116,109,2023-09-08 19:20:00
105,112,92,2023-09-08 20:05:00
110,115,97,2023-09-08 20:10:00
120,99,107,2023-09-08 20:10:00
96,117,83,2023-09-08 21:38:00
113,102,100,2023-09-08 22:15:00
124,95,111,2023-09-09 14:05:00
120,99,107,2023-09-09 14:10:00
123,98,110,2023-09-09 14:20:00
118,108,105,2023-09-09 15:07:00
121,119,108,2023-09-09 16:05:00
111,103,98,2023-09-09 16:05:00
104,114,91,2023-09-09 16:10:00
100,109,87,2023-09-09 18:05:00
101,107,88,2023-09-09 18:10:00
106,97,93,2023-09-09 18:40:00
105,112,92,2023-09-09 19:05:00
110,115,97,2023-09-09 19:10:00
122,116,109,2023-09-09 19:20:00
113,102,100,2023-09-09 21:05:00
96,117,83,2023-09-09 21:07:00
100,109,87,2023-09-10 13:05:00
101,107,88,2023-09-10 13:10:00
121,119,108,2023-09-10 13:10:00
122,116,109,2023-09-10 13:35:00
104,114,91,2023-09-10 13:35:00
124,95,111,2023-09-10 13:35:00
111,103,98,2023-09-10 13:35:00
118,108,105,2023-09-10 13:37:00
106,97,93,2023-09-10 13:40:00
110,115,97,2023-09-10 14:10:00
120,99,107,2023-09-10 14:10:00
123,98,110,2023-09-10 14:20:00
105,112,92,2023-09-10 14:35:00
96,117,83,2023-09-10 16:07:00
113,102,100,2023-09-10 20:10:00
100,122,87,2023-09-11 13:05:00
114,97,101,2023-09-11 18:35:00
116,111,103,2023-09-11 18:35:00
100,122,87,2023-09-11 18:40:00
118,105,105,2023-09-11 19:07:00
104,124,91,2023-09-11 19:10:00
99,98,86,2023-09-11 19:10:00
107,108,94,2023-09-11 19:40:00
95,109,82,2023-09-11 19:40:00
120,121,107,2023-09-11 19:40:00
110,112,97,2023-09-11 20:10:00
102,123,89,2023-09-11 20:40:00
119,96,106,2023-09-11 21:40:00
113,117,100,2023-09-11 21:45:00
103,115,90,2023-09-11 22:10:00
114,97,101,2023-09-12 18:35:00
116,111,103,2023-09-12 18:35:00
101,106,88,2023-09-12 18:40:00
100,122,87,2023-09-12 18:40:00
118,105,105,2023-09-12 19:07:00
104,124,91,2023-09-12 19:10:00
99,98,86,2023-09-12 19:10:00
107,108,94,2023-09-12 19:40:00
95,109,82,2023-09-12 19:40:00
120,121,107,2023-09-12 19:40:00
110,112,97,2023-09-12 20:10:00
102,123,89,2023-09-12 20:40:00
119,96,106,2023-09-12 21:40:00
113,117,100,2023-09-12 21:45:00
103,115,90,2023-09-12 22:10:00
120,121,107,2023-09-13 13:10:00
102,123,89,2023-09-13 15:10:00
113,117,100,2023-09-13 15:45:00
119,96,106,2023-09-13 16:10:00
114,97,101,2023-09-13 18:35:00
116,111,103,2023-09-13 18:35:00
101,106,88,2023-09-13 18:40:00
100,122,87,2023-09-13 18:40:00
118,105,105,2023-09-13 19:07:00
104,124,91,2023-09-13 19:10:00
110,112,97,2023-09-13 19:10:00
99,98,86,2023-09-13 19:10:00
107,108,94,2023-09-13 19:40:00
95,109,82,2023-09-13 19:40:00
103,115,90,2023-09-13 22:10:00
116,111,103,2023-09-14 12:35:00
101,106,88,2023-09-14 13:10:00
95,109,82,2023-09-14 14:10:00
99,98,86,2023-09-14 16:10:00
118,105,105,2023-09-14 19:07:00
114,121,101,2023-09-14 19:15:00
104,124,91,2023-09-14 19:15:00
107,120,94,2023-09-14 19:40:00
102,113,89,2023-09-14 20:40:00
116,124,103,2023-09-15 18:35:00
109,122,96,2023-09-15 18:40:00
114,121,101,2023-09-15 19:05:00
118,104,105,2023-09-15 19:07:00
117,105,104,2023-09-15 19:10:00
99,106,86,2023-09-15 19:10:00
107,120,94,2023-09-15 19:40:00
108,110,95,2023-09-15 20:10:00
95,111,82,2023-09-15 20:10:00
97,100,84,2023-09-15 20:15:00
102,113,89,2023-09-15 20:40:00
96,101,83,2023-09-15 21:38:00
98,123,85,2023-09-15 21:40:00
112,115,99,2023-09-15 21:40:00
119,103,106,2023-09-15 22:10:00
118,104,105,2023-09-16 15:07:00
112,115,99,2023-09-16 16:07:00
109,122,96,2023-09-16 16:10:00
117,105,104,2023-09-16 18:10:00
116,124,103,2023-09-16 18:35:00
114,121,101,2023-09-16 19:05:00
107,120,94,2023-09-16 19:10:00
108,110,95,2023-09-16 19:10:00
95,111,82,2023-09-16 19:10:00
99,106,86,2023-09-16 19:10:00
97,100,84,2023-09-16 19:15:00
98,123,85,2023-09-16 20:10:00
102,113,89,2023-09-16 20:10:00
96,101,83,2023-09-16 21:07:00
119,103,106,2023-09-16 21:40:00
114,121,101,2023-09-17 13:35:00
116,124,103,2023-09-17 13:35:00
118,104,105,2023-09-17 13:37:00
117,105,104,2023-09-17 13:40:00
109,122,96,2023-09-17 13:40:00
99,106,86,2023-09-17 13:40:00
107,120,94,2023-09-17 14:10:00
108,110,95,2023-09-17 14:10:00
95,111,82,2023-09-17 14:10:00
97,100,84,2023-09-17 14:15:00
102,113,89,2023-09-17 15:10:00
96,101,83,2023-09-17 16:07:00
112,115,99,2023-09-17 16:07:00
119,103,106,2023-09-17 16:10:00
98,123,85,2023-09-17 19:10:00
108,117,95,2023-09-18 14:10:00
106,120,93,2023-09-18 18:40:00
109,99,96,2023-09-18 18:40:00
111,107,98,2023-09-18 19:05:00
122,100,109,2023-09-18 19:20:00
97,95,84,2023-09-18 19:45:00
105,104,92,2023-09-18 20:05:00
110,114,97,2023-09-18 20:10:00
112,119,99,2023-09-18 21:40:00
115,102,102,2023-09-18 21:40:00
103,101,90,2023-09-18 22:10:00
106,120,93,2023-09-19 18:40:00
109,99,96,2023-09-19 18:40:00
121,96,108,2023-09-19 18:40:00
124,118,111,2023-09-19 19:05:00
111,107,98,2023-09-19 19:05:00
122,100,109,2023-09-19 19:20:00
123,116,110,2023-09-19 19:40:00
108,117,95,2023-09-19 19:40:00
97,95,84,2023-09-19 19:45:00
105,104,92,2023-09-19 20:05:00
110,114,97,2023-09-19 20:10:00
98,113,85,2023-09-19 21:40:00
112,119,99,2023-09-19 21:40:00
115,102,102,2023-09-19 21:40:00
103,101,90,2023-09-19 22:10:00
122,100,109,2023-09-20 12:20:00
106,120,93,2023-09-20 12:35:00
111,107,98,2023-09-20 13:05:00
105,104,92,2023-09-20 14:05:00
110,114,97,2023-09-20 14:10:00
108,117,95,2023-09-20 14:10:00
112,119,99,2023-09-20 15:37:00
98,113,85,2023-09-20 15:40:00
115,102,102,2023-09-20 16:10:00
109,99,96,2023-09-20 18:40:00
121,96,108,2023-09-20 18:40:00
124,118,111,2023-09-20 19:05:00
123,116,110,2023-09-20 19:40:00
97,95,84,2023-09-20 19:45:00
103,101,90,2023-09-20 22:10:00
121,96,108,2023-09-21 13:10:00
97,95,84,2023-09-21 13:15:00
124,118,111,2023-09-21 19:05:00
111,122,98,2023-09-21 19:05:00
117,114,104,2023-09-21 19:15:00
100,99,87,2023-09-21 19:15:00
123,116,110,2023-09-21 19:40:00
112,101,99,2023-09-21 21:40:00
103,113,90,2023-09-21 22:10:00
123,102,110,2023-09-22 14:20:00
106,116,93,2023-09-22 18:40:00
109,95,96,2023-09-22 18:40:00
121,118,108,2023-09-22 18:40:00
124,98,111,2023-09-22 19:05:00
100,99,87,2023-09-22 19:05:00
111,122,98,2023-09-22 19:05:00
104,107,91,2023-09-22 19:10:00
117,114,104,2023-09-22 19:10:00
105,119,92,2023-09-22 20:05:00
110,108,97,2023-09-22 20:10:00
120,96,107,2023-09-22 20:10:00
112,101,99,2023-09-22 21:40:00
115,97,102,2023-09-22 21:40:00
103,113,90,2023-09-22 22:10:00
124,98,111,2023-09-23 13:05:00
111,122,98,2023-09-23 13:05:00
120,96,107,2023-09-23 14:10:00
123,102,110,2023-09-23 14:20:00
100,99,87,2023-09-23 16:05:00
112,101,99,2023-09-23 16:07:00
104,107,91,2023-09-23 16:10:00
109,95,96,2023-09-23 16:10:00
121,118,108,2023-09-23 16:10:00
117,114,104,2023-09-23 18:10:00
106,116,93,2023-09-23 18:40:00
105,119,92,2023-09-23 19:05:00
110,108,97,2023-09-23 19:10:00
115,97,102,2023-09-23 20:40:00
103,113,90,2023-09-23 21:10:00
100,99,87,2023-09-24 13:05:00
121,118,108,2023-09-24 13:10:00
104,107,91,2023-09-24 13:35:00
124,98,111,2023-09-24 13:35:00
111,122,98,2023-09-24 13:35:00
106,116,93,2023-09-24 13:40:00
117,114,104,2023-09-24 13:40:00
109,95,96,2023-09-24 13:40:00
110,108,97,2023-09-24 14:10:00
120,96,107,2023-09-24 14:10:00
123,102,110,2023-09-24 14:20:00
105,119,92,2023-09-24 14:35:00
112,101,99,2023-09-24 16:07:00
103,113,90,2023-09-24 16:10:00
115,97,102,2023-09-24 16:10:00
107,98,94,2023-09-25 19:40:00
96,105,83,2023-09-25 21:38:00
119,110,106,2023-09-25 21:40:00
113,115,100,2023-09-25 21:45:00
102,103,89,2023-09-26 15:10:00
117,106,104,2023-09-26 18:10:00
114,111,101,2023-09-26 18:35:00
101,108,88,2023-09-26 18:40:00
100,116,87,2023-09-26 18:40:00
118,124,105,2023-09-26 19:07:00
104,121,91,2023-09-26 19:10:00
99,109,86,2023-09-26 19:10:00
122,123,109,2023-09-26 19:20:00
107,98,94,2023-09-26 19:40:00
95,97,82,2023-09-26 19:40:00
120,112,107,2023-09-26 19:40:00
102,103,89,2023-09-26 20:40:00
96,105,83,2023-09-26 21:38:00
119,110,106,2023-09-26 21:40:00
113,115,100,2023-09-26 21:45:00
107,98,94,2023-09-27 14:10:00
104,121,91,2023-09-27 18:10:00
117,106,104,2023-09-27 18:10:00
114,111,101,2023-09-27 18:35:00
101,108,88,2023-09-27 18:40:00
100,116,87,2023-09-27 18:40:00
118,124,105,2023-09-27 19:07:00
99,109,86,2023-09-27 19:10:00
122,123,109,2023-09-27 19:20:00
95,97,82,2023-09-27 19:40:00
120,112,107,2023-09-27 19:40:00
102,103,89,2023-09-27 20:40:00
96,105,83,2023-09-27 21:38:00
119,110,106,2023-09-27 21:40:00
113,115,100,2023-09-27 21:45:00
101,108,88,2023-09-28 13:10:00
120,112,107,2023-09-28 13:10:00
95,97,82,2023-09-28 16:10:00
100,116,87,2023-09-28 18:05:00
114,104,101,2023-09-28 18:35:00
118,124,105,2023-09-28 19:07:00
99,109,86,2023-09-28 19:10:00
122,123,109,2023-09-28 19:20:00
102,103,89,2023-09-28 20:40:00
119,105,106,2023-09-28 21:40:00
116,109,103,2023-09-29 18:35:00
101,117,88,2023-09-29 18:40:00
114,104,101,2023-09-29 19:05:00
118,121,105,2023-09-29 19:07:00
99,100,86,2023-09-29 19:10:00
122,111,109,2023-09-29 19:20:00
107,115,94,2023-09-29 19:40:00
102,120,89,2023-09-29 20:10:00
108,124,95,2023-09-29 20:10:00
95,123,82,2023-09-29 20:10:00
97,106,84,2023-09-29 20:15:00
96,112,83,2023-09-29 21:38:00
98,110,85,2023-09-29 21:40:00
119,105,106,2023-09-29 22:10:00
113,103,100,2023-09-29 22:15:00
101,117,88,2023-09-30 13:10:00
118,121,105,2023-09-30 15:07:00
116,109,103,2023-09-30 18:35:00
114,104,101,2023-09-30 19:05:00
107,115,94,2023-09-30 19:10:00
108,124,95,2023-09-30 19:10:00
95,123,82,2023-09-30 19:10:00
99,100,86,2023-09-30 19:10:00
97,106,84,2023-09-30 19:15:00
122,111,109,2023-09-30 19:20:00
98,110,85,2023-09-30 20:10:00
102,120,89,2023-09-30 20:10:00
113,103,100,2023-09-30 21:05:00
96,112,83,2023-09-30 21:07:00
119,105,106,2023-09-30 21:40:00
122,111,109,2023-10-01 15:05:00
114,104,101,2023-10-01 15:05:00
116,109,103,2023-10-01 15:05:00
113,103,100,2023-10-01 15:05:00
96,112,83,2023-10-01 15:07:00
118,121,105,2023-10-01 15:07:00
98,110,85,2023-10-01 15:10:00
107,115,94,2023-10-01 15:10:00
102,120,89,2023-10-01 15:10:00
101,117,88,2023-10-01 15:10:00
108,124,95,2023-10-01 15:10:00
95,123,82,2023-10-01 15:10:00
99,100,86,2023-10-01 15:10:00
119,105,106,2023-10-01 15:10:00
97,106,84,2023-10-01 15:15:00
32,39,31,2023-09-07 20:20:00
50,34,49,2023-09-10 13:00:00
38,55,37,2023-09-10 13:00:00
47,61,46,2023-09-10 13:00:00
62,56,59,2023-09-10 13:00:00
35,53,34,2023-09-10 13:00:00
42,45,41,2023-09-10 13:00:00
49,54,48,2023-09-10 13:00:00
37,60,36,2023-09-10 13:00:00
59,44,56,2023-09-10 16:25:00
36,31,35,2023-09-10 16:25:00
40,46,39,2023-09-10 16:25:00
58,41,55,2023-09-10 16:25:00
48,57,47,2023-09-10 16:25:00
51,33,50,2023-09-10 20:20:00
52,43,50,2023-09-11 20:15:00
46,62,45,2023-09-14 20:15:00
50,44,49,2023-09-17 13:00:00
43,31,42,2023-09-17 13:00:00
55,49,53,2023-09-17 13:00:00
39,48,38,2023-09-17 13:00:00
54,47,52,2023-09-17 13:00:00
61,32,58,2023-09-17 13:00:00
53,58,51,2023-09-17 13:00:00
56,59,54,2023-09-17 13:00:00
60,51,57,2023-09-17 16:05:00
57,45,55,2023-09-17 16:05:00
33,52,32,2023-09-17 16:25:00
36,37,35,2023-09-17 16:25:00
40,41,39,2023-09-17 20:20:00
34,35,33,2023-09-18 19:15:00
42,38,41,2023-09-18 20:15:00
45,51,44,2023-09-21 20:15:00
38,53,37,2023-09-24 13:00:00
39,50,38,2023-09-24 13:00:00
44,35,43,2023-09-24 13:00:00
61,54,58,2023-09-24 13:00:00
41,36,40,2023-09-24 13:00:00
62,58,59,2023-09-24 13:00:00
52,40,50,2023-09-24 13:00:00
49,47,48,2023-09-24 13:00:00
37,43,36,2023-09-24 13:00:00
48,34,47,2023-09-24 16:05:00
60,33,57,2023-09-24 16:25:00
32,59,31,2023-09-24 16:25:00
31,42,30,2023-09-24 20:20:00
56,46,54,2023-09-25 19:15:00
55,57,53,2023-09-25 20:15:00
44,39,43,2023-09-28 20:15:00
61,50,58,2023-10-01 09:30:00
43,41,42,2023-10-01 13:00:00
34,62,33,2023-10-01 13:00:00
59,36,56,2023-10-01 13:00:00
38,49,37,2023-10-01 13:00:00
47,57,46,2023-10-01 13:00:00
54,42,52,2023-10-01 13:00:00
35,56,34,2023-10-01 13:00:00
53,55,51,2023-10-01 13:00:00
46,37,45,2023-10-01 13:00:00
58,31,55,2023-10-01 16:05:00
33,40,32,2023-10-01 16:25:00
45,60,44,2023-10-01 16:25:00
52,32,50,2023-10-01 20:20:00
51,48,50,2023-10-02 20:15:00
37,59,36,2023-10-05 20:15:00
43,61,42,2023-10-08 09:30:00
50,54,49,2023-10-08 13:00:00
47,53,46,2023-10-08 13:00:00
39,34,38,2023-10-08 13:00:00
41,51,40,2023-10-08 13:00:00
40,35,39,2023-10-08 13:00:00
42,49,41,2023-10-08 13:00:00
60,55,57,2023-10-08 16:05:00
57,46,55,2023-10-08 16:05:00
36,52,35,2023-10-08 16:25:00
62,32,59,2023-10-08 16:25:00
45,33,44,2023-10-08 20:20:00
31,44,30,2023-10-09 20:15:00
32,36,31,2023-10-12 20:15:00
53,49,51,2023-10-15 09:30:00
50,37,49,2023-10-15 13:00:00
59,62,56,2023-10-15 13:00:00
55,48,53,2023-10-15 13:00:00
38,45,37,2023-10-15 13:00:00
54,35,52,2023-10-15 13:00:00
61,47,58,2023-10-15 13:00:00
41,34,40,2023-10-15 13:00:00
56,39,54,2023-10-15 13:00:00
31,40,30,2023-10-15 16:05:00
52,46,50,2023-10-15 16:25:00
57,60,55,2023-10-15 16:25:00
43,51,42,2023-10-15 20:20:00
58,33,55,2023-10-16 20:15:00
35,61,34,2023-10-19 20:15:00
59,31,56,2023-10-22 13:00:00
47,38,46,2023-10-22 13:00:00
40,43,39,2023-10-22 13:00:00
51,37,50,2023-10-22 13:00:00
49,39,48,2023-10-22 13:00:00
56,50,54,2023-10-22 13:00:00
57,42,55,2023-10-22 16:05:00
48,60,47,2023-10-22 16:05:00
36,44,35,2023-10-22 16:25:00
32,58,31,2023-10-22 16:25:00
46,41,45,2023-10-22 20:20:00
62,45,59,2023-10-23 20:15:00
43,56,42,2023-10-26 20:15:00
34,54,33,2023-10-29 13:00:00
47,35,46,2023-10-29 13:00:00
33,57,32,2023-10-29 13:00:00
44,62,43,2023-10-29 13:00:00
41,40,40,2023-10-29 13:00:00
51,52,50,2023-10-29 13:00:00
53,50,51,2023-10-29 13:00:00
42,61,41,2023-10-29 13:00:00
37,46,36,2023-10-29 13:00:00
48,38,47,2023-10-29 16:05:00
60,49,57,2023-10-29 16:25:00
36,32,35,2023-10-29 16:25:00
45,55,44,2023-10-29 16:25:00
58,59,55,2023-10-29 20:20:00
39,31,38,2023-10-30 20:15:00
42,53,41,2023-11-02 20:15:00
32,41,31,2023-11-05 09:30:00
50,62,49,2023-11-05 13:00:00
38,60,37,2023-11-05 13:00:00
44,57,43,2023-11-05 13:00:00
54,56,52,2023-11-05 13:00:00
35,59,34,2023-11-05 13:00:00
40,37,39,2023-11-05 13:00:00
49,48,48,2023-11-05 13:00:00
34,47,33,2023-11-05 16:05:00
46,33,45,2023-11-05 16:25:00
31,51,30,2023-11-05 16:25:00
55,43,53,2023-11-05 20:20:00
52,58,50,2023-11-06 20:15:00
59,34,56,2023-11-09 20:15:00
40,47,39,2023-11-12 09:30:00
55,54,53,2023-11-12 13:00:00
61,45,58,2023-11-12 13:00:00
62,35,59,2023-11-12 13:00:00
42,44,41,2023-11-12 13:00:00
49,38,48,2023-11-12 13:00:00
56,53,54,2023-11-12 13:00:00
60,50,57,2023-11-12 16:05:00
58,39,55,2023-11-12 16:05:00
33,51,32,2023-11-12 16:25:00
48,37,47,2023-11-12 16:25:00
31,52,30,2023-11-12 20:20:00
43,36,42,2023-11-13 20:15:00
49,55,48,2023-11-16 20:15:00
34,33,33,2023-11-19 13:00:00
38,42,37,2023-11-19 13:00:00
39,59,38,2023-11-19 13:00:00
44,58,43,2023-11-19 13:00:00
54,60,52,2023-11-19 13:00:00
61,53,58,2023-11-19 13:00:00
41,31,40,2023-11-19 13:00:00
37,51,36,2023-11-19 13:00:00
45,56,44,2023-11-19 16:05:00
43,52,42,2023-11-19 16:25:00
57,48,55,2023-11-19 16:25:00
36,62,35,2023-11-19 20:20:00
32,46,31,2023-11-20 20:15:00
39,44,38,2023-11-23 12:30:00
33,37,32,2023-11-23 16:30:00
48,45,47,2023-11-23 20:20:00
52,41,50,2023-11-24 15:00:00
50,35,49,2023-11-26 13:00:00
55,42,53,2023-11-26 13:00:00
47,56,46,2023-11-26 13:00:00
54,61,52,2023-11-26 13:00:00
51,40,50,2023-11-26 13:00:00
53,34,51,2023-11-26 13:00:00
60,57,57,2023-11-26 16:05:00
36,38,35,2023-11-26 16:05:00
46,43,45,2023-11-26 16:25:00
31,32,30,2023-11-26 16:25:00
58,49,55,2023-11-26 20:20:00
62,59,59,2023-11-27 20:15:00
33,48,32,2023-11-30 20:15:00
35,39,34,2023-12-03 13:00:00
40,58,39,2023-12-03 13:00:00
52,50,50,2023-12-03 13:00:00
53,47,51,2023-12-03 13:00:00
42,60,41,2023-12-03 13:00:00
56,34,54,2023-12-03 13:00:00
37,41,36,2023-12-03 13:00:00
54,36,52,2023-12-03 16:05:00
46,45,45,2023-12-03 16:25:00
57,38,55,2023-12-03 16:25:00
44,32,43,2023-12-03 20:20:00
61,55,58,2023-12-04 20:15:00
42,40,41,2023-12-07 20:15:00
50,56,49,2023-12-10 13:00:00
59,39,56,2023-12-10 13:00:00
55,47,53,2023-12-10 13:00:00
38,61,37,2023-12-10 13:00:00
35,34,34,2023-12-10 13:00:00
52,54,50,2023-12-10 13:00:00
49,57,48,2023-12-10 13:00:00
31,62,30,2023-12-10 16:05:00
45,48,44,2023-12-10 16:05:00
32,43,31,2023-12-10 16:25:00
58,36,55,2023-12-10 16:25:00
33,46,32,2023-12-10 20:20:00
41,53,40,2023-12-11 20:15:00
51,44,50,2023-12-11 20:15:00
31,58,30,2023-12-14 20:15:00
34,50,33,2023-12-17 13:00:00
55,62,53,2023-12-17 13:00:00
38,59,37,2023-12-17 13:00:00
47,42,46,2023-12-17 13:00:00
39,36,38,2023-12-17 13:00:00
44,56,43,2023-12-17 13:00:00
41,52,40,2023-12-17 13:00:00
35,51,34,2023-12-17 13:00:00
53,54,51,2023-12-17 13:00:00
60,45,57,2023-12-17 16:05:00
57,37,55,2023-12-17 16:05:00
43,33,42,2023-12-17 16:25:00
48,46,47,2023-12-17 16:25:00
61,49,58,2023-12-17 20:20:00
40,32,39,2023-12-18 20:15:00
57,35,55,2023-12-21 20:15:00
42,55,41,2023-12-23 16:30:00
58,43,55,2023-12-23 20:00:00
50,47,49,2023-12-24 13:00:00
34,44,33,2023-12-24 13:00:00
54,38,52,2023-12-24 13:00:00
62,39,59,2023-12-24 13:00:00
52,37,50,2023-12-24 13:00:00
53,48,51,2023-12-24 13:00:00
56,61,54,2023-12-24 16:05:00
59,60,56,2023-12-24 16:25:00
41,33,40,2023-12-24 16:25:00
36,40,35,2023-12-24 20:15:00
32,31,31,2023-12-25 13:00:00
46,51,45,2023-12-25 16:30:00
45,49,44,2023-12-25 20:15:00
38,52,37,2023-12-28 20:15:00
33,39,32,2023-12-30 20:15:00
43,40,42,2023-12-31 13:00:00
59,50,56,2023-12-31 13:00:00
47,31,46,2023-12-31 13:00:00
54,53,52,2023-12-31 13:00:00
61,34,58,2023-12-31 13:00:00
51,57,50,2023-12-31 13:00:00
46,60,45,2023-12-31 13:00:00
49,41,48,2023-12-31 13:00:00
56,35,54,2023-12-31 13:00:00
37,45,36,2023-12-31 13:00:00
48,42,47,2023-12-31 16:05:00
36,58,35,2023-12-31 16:25:00
32,55,31,2023-12-31 16:25:00
62,44,59,2023-12-31 20:20:00
34,56,33,2023-01-07 13:00:00
55,38,53,2023-01-07 13:00:00
47,54,46,2023-01-07 13:00:00
60,48,57,2023-01-07 13:00:00
39,62,38,2023-01-07 13:00:00
44,59,43,2023-01-07 13:00:00
41,43,40,2023-01-07 13:00:00
35,50,34,2023-01-07 13:00:00
40,52,39,2023-01-07 13:00:00
51,46,50,2023-01-07 13:00:00
53,61,51,2023-01-07 13:00:00
31,36,30,2023-01-07 13:00:00
49,42,48,2023-01-07 13:00:00
58,32,55,2023-01-07 13:00:00
45,57,44,2023-01-07 13:00:00
37,33,36,2023-01-07 13:00:00
4,9,4,2023-10-24 19:30:00
7,12,7,2023-10-24 22:00:00
2,27,2,2023-10-25 19:00:00
17,26,16,2023-10-25 19:00:00
14,6,13,2023-10-25 19:00:00
23,24,22,2023-10-25 19:00:00
13,16,12,2023-10-25 19:30:00
21,25,20,2023-10-25 19:30:00
5,20,5,2023-10-25 19:30:00
10,22,9,2023-10-25 20:00:00
28,19,27,2023-10-25 20:00:00
29,15,28,2023-10-25 21:00:00
3,1,3,2023-10-25 21:30:00
8,18,8,2023-10-25 22:30:00
11,30,10,2023-10-26 19:30:00
9,12,8,2023-10-26 22:00:00
10,4,9,2023-10-27 19:00:00
23,16,22,2023-10-27 19:00:00
24,17,23,2023-10-27 19:30:00
20,19,19,2023-10-27 19:30:00
26,13,25,2023-10-27 19:30:00
28,21,27,2023-10-27 20:00:00
3,27,3,2023-10-27 20:00:00
1,5,1,2023-10-27 20:30:00
29,8,28,2023-10-27 21:30:00
18,2,17,2023-10-27 22:00:00
15,7,14,2023-10-27 22:00:00
16,28,15,2023-10-28 19:00:00
6,10,6,2023-10-28 19:00:00
22,17,21,2023-10-28 19:00:00
20,14,19,2023-10-28 19:30:00
21,30,20,2023-10-28 19:30:00
25,13,24,2023-10-28 20:00:00
12,29,11,2023-10-28 22:00:00
19,4,18,2023-10-29 15:30:00
27,7,26,2023-10-29 19:00:00
11,24,10,2023-10-29 19:00:00
30,18,29,2023-10-29 19:30:00
8,3,8,2023-10-29 21:00:00
15,9,14,2023-10-29 21:00:00
14,28,13,2023-10-30 19:00:00
6,26,6,2023-10-30 19:00:00
23,5,22,2023-10-30 19:00:00
21,18,20,2023-10-30 19:30:00
24,25,23,2023-10-30 19:30:00
10,1,9,2023-10-30 20:00:00
11,13,10,2023-10-30 20:00:00
22,7,21,2023-10-30 20:00:00
19,16,18,2023-10-30 20:00:00
4,29,4,2023-10-30 21:00:00
9,2,8,2023-10-30 22:30:00
20,17,19,2023-10-31 19:30:00
12,3,11,2023-10-31 22:00:00
8,2,8,2023-10-31 22:30:00
82,92,73,2023-10-10 19:00:00
63,67,60,2023-10-10 19:00:00
90,71,79,2023-10-10 19:00:00
89,92,25,2023-10-11 19:00:00
81,69,72,2023-10-11 19:00:00
88,68,78,2023-10-11 19:00:00
72,65,8,2023-10-11 19:00:00
87,66,20,2023-10-11 19:00:00
84,85,75,2023-10-11 19:00:00
77,79,70,2023-10-12 19:00:00
80,93,71,2023-10-12 19:00:00
64,73,1,2023-10-12 19:00:00
94,74,81,2023-10-12 19:00:00
83,78,74,2023-10-12 19:00:00
67,71,62,2023-10-12 19:00:00
86,90,77,2023-10-12 19:00:00
83,75,74,2023-10-13 19:00:00
70,82,6,2023-10-13 19:00:00
89,67,25,2023-10-14 19:00:00
80,79,71,2023-10-14 19:00:00
78,63,15,2023-10-14 19:00:00
85,84,76,2023-10-14 19:00:00
72,81,8,2023-10-14 19:00:00
66,92,61,2023-10-14 19:00:00
91,77,80,2023-10-14 19:00:00
69,93,64,2023-10-14 19:00:00
82,88,73,2023-10-14 19:00:00
86,65,77,2023-10-14 19:00:00
73,71,66,2023-10-14 19:00:00
87,94,20,2023-10-14 19:00:00
90,76,79,2023-10-14 19:00:00
68,74,63,2023-10-14 19:00:00
76,81,69,2023-10-15 19:00:00
69,63,64,2023-10-15 19:00:00
80,78,71,2023-10-16 19:00:00
83,74,74,2023-10-16 19:00:00
79,75,16,2023-10-16 19:00:00
87,92,20,2023-10-16 19:00:00
70,88,6,2023-10-16 19:00:00
77,63,70,2023-10-17 19:00:00
66,94,61,2023-10-17 19:00:00
67,85,62,2023-10-17 19:00:00
91,75,80,2023-10-17 19:00:00
93,84,29,2023-10-17 19:00:00
71,65,65,2023-10-17 19:00:00
86,81,77,2023-10-17 19:00:00
90,64,79,2023-10-17 19:00:00
68,72,63,2023-10-17 19:00:00
78,82,15,2023-10-18 19:00:00
69,70,64,2023-10-18 19:00:00
76,64,69,2023-10-19 19:00:00
77,88,70,2023-10-19 19:00:00
65,92,4,2023-10-19 19:00:00
74,87,67,2023-10-19 19:00:00
94,72,81,2023-10-19 19:00:00
79,67,16,2023-10-19 19:00:00
93,85,29,2023-10-19 19:00:00
71,81,65,2023-10-19 19:00:00
86,89,77,2023-10-19 19:00:00
73,75,66,2023-10-19 19:00:00
63,84,60,2023-10-19 19:00:00
68,90,63,2023-10-19 19:00:00
80,88,71,2023-10-20 19:00:00
91,83,80,2023-10-20 19:00:00
75,76,68,2023-10-21 19:00:00
77,91,70,2023-10-21 19:00:00
92,90,27,2023-10-21 19:00:00
65,81,4,2023-10-21 19:00:00
64,93,1,2023-10-21 19:00:00
85,68,76,2023-10-21 19:00:00
74,84,67,2023-10-21 19:00:00
72,89,8,2023-10-21 19:00:00
94,80,81,2023-10-21 19:00:00
66,70,61,2023-10-21 19:00:00
67,86,62,2023-10-21 19:00:00
69,78,64,2023-10-21 19:00:00
71,79,65,2023-10-21 19:00:00
73,82,66,2023-10-21 19:00:00
63,87,60,2023-10-21 19:00:00
76,89,69,2023-10-22 19:00:00
78,88,15,2023-10-22 19:00:00
77,66,70,2023-10-23 19:00:00
80,76,71,2023-10-24 19:00:00
88,79,78,2023-10-24 19:00:00
92,89,27,2023-10-24 19:00:00
78,71,15,2023-10-24 19:00:00
74,86,67,2023-10-24 19:00:00
72,75,8,2023-10-24 19:00:00
94,85,81,2023-10-24 19:00:00
66,83,61,2023-10-24 19:00:00
67,84,62,2023-10-24 19:00:00
91,65,80,2023-10-24 19:00:00
69,77,64,2023-10-24 19:00:00
82,64,73,2023-10-24 19:00:00
63,81,60,2023-10-24 19:00:00
90,93,79,2023-10-24 19:00:00
68,73,63,2023-10-24 19:00:00
70,87,6,2023-10-24 19:00:00
83,70,74,2023-10-25 19:00:00
89,76,25,2023-10-26 19:00:00
81,71,72,2023-10-26 19:00:00
88,73,78,2023-10-26 19:00:00
64,87,1,2023-10-26 19:00:00
78,68,15,2023-10-26 19:00:00
85,79,76,2023-10-26 19:00:00
66,80,61,2023-10-26 19:00:00
91,69,80,2023-10-26 19:00:00
93,94,29,2023-10-26 19:00:00
82,65,73,2023-10-26 19:00:00
63,86,60,2023-10-26 19:00:00
75,72,68,2023-10-27 19:00:00
81,86,72,2023-10-27 19:00:00
83,77,74,2023-10-27 19:00:00
84,73,75,2023-10-27 19:00:00
90,92,79,2023-10-27 19:00:00
70,94,6,2023-10-27 19:00:00
89,78,25,2023-10-28 19:00:00
80,91,71,2023-10-28 19:00:00
74,71,67,2023-10-28 19:00:00
72,90,8,2023-10-28 19:00:00
66,68,61,2023-10-28 19:00:00
67,87,62,2023-10-28 19:00:00
93,76,29,2023-10-28 19:00:00
82,69,73,2023-10-28 19:00:00
84,79,75,2023-10-28 19:00:00
77,65,70,2023-10-29 19:00:00
85,88,76,2023-10-29 19:00:00
83,94,74,2023-10-29 19:00:00
70,86,6,2023-10-29 19:00:00
75,92,68,2023-10-30 19:00:00
89,74,25,2023-10-30 19:00:00
64,80,1,2023-10-30 19:00:00
91,78,80,2023-10-30 19:00:00
93,81,29,2023-10-30 19:00:00
82,76,73,2023-10-30 19:00:00
63,71,60,2023-10-30 19:00:00
90,66,79,2023-10-30 19:00:00
68,79,63,2023-10-30 19:00:00
87,72,20,2023-10-31 19:00:00
84,67,75,2023-10-31 19:00:00
76,75,69,2023-11-01 19:00:00
88,64,78,2023-11-01 19:00:00
65,73,4,2023-11-01 19:00:00
93,77,29,2023-11-01 19:00:00
75,66,68,2023-11-02 19:00:00
89,87,25,2023-11-02 19:00:00
80,63,71,2023-11-02 19:00:00
78,74,15,2023-11-02 19:00:00
85,64,76,2023-11-02 19:00:00
94,83,81,2023-11-02 19:00:00
79,81,16,2023-11-02 19:00:00
69,72,64,2023-11-02 19:00:00
71,67,65,2023-11-02 19:00:00
86,84,77,2023-11-02 19:00:00
90,68,79,2023-11-02 19:00:00
70,91,6,2023-11-02 19:00:00
77,93,70,2023-11-03 19:00:00
73,83,66,2023-11-03 19:00:00
75,68,68,2023-11-04 19:00:00
92,74,27,2023-11-04 19:00:00
78,89,15,2023-11-04 19:00:00
85,67,76,2023-11-04 19:00:00
94,79,81,2023-11-04 19:00:00
91,81,80,2023-11-04 19:00:00
69,63,64,2023-11-04 19:00:00
93,72,29,2023-11-04 19:00:00
71,88,65,2023-11-04 19:00:00
86,82,77,2023-11-04 19:00:00
73,66,66,2023-11-04 19:00:00
87,77,20,2023-11-04 19:00:00
84,64,75,2023-11-04 19:00:00
90,65,79,2023-11-04 19:00:00
70,80,6,2023-11-04 19:00:00
76,90,69,2023-11-05 19:00:00
92,83,27,2023-11-05 19:00:00
64,89,1,2023-11-06 19:00:00
74,80,67,2023-11-06 19:00:00
87,63,20,2023-11-06 19:00:00
84,85,75,2023-11-06 19:00:00
76,82,69,2023-11-07 19:00:00
75,71,68,2023-11-07 19:00:00
81,77,72,2023-11-07 19:00:00
88,67,78,2023-11-07 19:00:00
65,83,4,2023-11-07 19:00:00
66,63,61,2023-11-07 19:00:00
91,94,80,2023-11-07 19:00:00
79,78,16,2023-11-07 19:00:00
86,93,77,2023-11-07 19:00:00
73,68,66,2023-11-07 19:00:00
87,69,20,2023-11-08 19:00:00
90,72,79,2023-11-08 19:00:00
70,74,6,2023-11-08 19:00:00
89,91,25,2023-11-09 19:00:00
80,64,71,2023-11-09 19:00:00
65,71,4,2023-11-09 19:00:00
78,66,15,2023-11-09 19:00:00
72,82,8,2023-11-09 19:00:00
79,94,16,2023-11-09 19:00:00
69,84,64,2023-11-09 19:00:00
86,85,77,2023-11-09 19:00:00
73,75,66,2023-11-09 19:00:00
63,92,60,2023-11-09 19:00:00
68,67,63,2023-11-09 19:00:00
76,93,69,2023-11-10 19:00:00
77,94,70,2023-11-10 19:00:00
74,81,67,2023-11-10 19:00:00
83,70,74,2023-11-10 19:00:00
87,88,20,2023-11-10 19:00:00
90,86,79,2023-11-10 19:00:00
65,73,4,2023-11-11 19:00:00
78,80,15,2023-11-11 19:00:00
72,93,8,2023-11-11 19:00:00
66,89,61,2023-11-11 19:00:00
67,75,62,2023-11-11 19:00:00
91,70,80,2023-11-11 19:00:00
69,88,64,2023-11-11 19:00:00
82,77,73,2023-11-11 19:00:00
71,85,65,2023-11-11 19:00:00
63,81,60,2023-11-11 19:00:00
87,84,20,2023-11-11 19:00:00
68,64,63,2023-11-11 19:00:00
76,86,69,2023-11-12 19:00:00
74,92,67,2023-11-12 19:00:00
94,64,81,2023-11-12 19:00:00
66,84,61,2023-11-12 19:00:00
79,80,16,2023-11-12 19:00:00
85,91,76,2023-11-13 19:00:00
71,65,65,2023-11-13 19:00:00
77,89,70,2023-11-14 19:00:00
80,82,71,2023-11-14 19:00:00
64,75,1,2023-11-14 19:00:00
66,88,61,2023-11-14 19:00:00
67,76,62,2023-11-14 19:00:00
86,74,77,2023-11-14 19:00:00
73,63,66,2023-11-14 19:00:00
68,83,63,2023-11-14 19:00:00
70,90,6,2023-11-14 19:00:00
81,93,72,2023-11-15 19:00:00
65,76,4,2023-11-15 19:00:00
85,71,76,2023-11-15 19:00:00
84,91,75,2023-11-15 19:00:00
80,75,71,2023-11-16 19:00:00
88,84,78,2023-11-16 19:00:00
92,63,27,2023-11-16 19:00:00
72,74,8,2023-11-16 19:00:00
66,90,61,2023-11-16 19:00:00
69,78,64,2023-11-16 19:00:00
82,83,73,2023-11-16 19:00:00
71,91,65,2023-11-16 19:00:00
86,73,77,2023-11-16 19:00:00
76,74,69,2023-11-17 19:00:00
78,87,15,2023-11-17 19:00:00
68,77,63,2023-11-17 19:00:00
89,66,25,2023-11-18 19:00:00
81,82,72,2023-11-18 19:00:00
88,91,78,2023-11-18 19:00:00
64,65,1,2023-11-18 19:00:00
72,73,8,2023-11-18 19:00:00
83,79,74,2023-11-18 19:00:00
67,92,62,2023-11-18 19:00:00
69,94,64,2023-11-18 19:00:00
93,90,29,2023-11-18 19:00:00
63,85,60,2023-11-18 19:00:00
84,71,75,2023-11-18 19:00:00
68,75,63,2023-11-18 19:00:00
70,80,6,2023-11-18 19:00:00
76,73,69,2023-11-19 19:00:00
92,77,27,2023-11-19 19:00:00
94,87,81,2023-11-19 19:00:00
93,80,29,2023-11-19 19:00:00
82,90,73,2023-11-19 19:00:00
75,72,68,2023-11-20 19:00:00
64,79,1,2023-11-20 19:00:00
74,85,67,2023-11-20 19:00:00
67,65,62,2023-11-20 19:00:00
71,88,65,2023-11-20 19:00:00
63,89,60,2023-11-20 19:00:00
84,86,75,2023-11-20 19:00:00
76,66,69,2023-11-22 19:00:00
75,73,68,2023-11-22 19:00:00
81,85,72,2023-11-22 19:00:00
80,92,71,2023-11-22 19:00:00
65,84,4,2023-11-22 19:00:00
64,90,1,2023-11-22 19:00:00
78,83,15,2023-11-22 19:00:00
74,89,67,2023-11-22 19:00:00
67,88,62,2023-11-22 19:00:00
91,93,80,2023-11-22 19:00:00
82,79,73,2023-11-22 19:00:00
71,86,65,2023-11-22 19:00:00
63,68,60,2023-11-22 19:00:00
70,77,6,2023-11-22 19:00:00
76,72,69,2023-11-24 19:00:00
89,78,25,2023-11-24 19:00:00
77,82,70,2023-11-24 19:00:00
81,63,72,2023-11-24 19:00:00
92,87,27,2023-11-24 19:00:00
64,88,1,2023-11-24 19:00:00
74,68,67,2023-11-24 19:00:00
94,65,81,2023-11-24 19:00:00
83,80,74,2023-11-24 19:00:00
69,91,64,2023-11-24 19:00:00
93,79,29,2023-11-24 19:00:00
71,84,65,2023-11-24 19:00:00
86,66,77,2023-11-24 19:00:00
73,67,66,2023-11-24 19:00:00
70,85,6,2023-11-24 19:00:00
65,88,4,2023-11-25 19:00:00
72,66,8,2023-11-25 19:00:00
83,77,74,2023-11-25 19:00:00
91,93,80,2023-11-25 19:00:00
79,89,16,2023-11-25 19:00:00
82,87,73,2023-11-25 19:00:00
86,84,77,2023-11-25 19:00:00
90,75,79,2023-11-25 19:00:00
81,80,72,2023-11-26 19:00:00
92,73,27,2023-11-26 19:00:00
78,94,15,2023-11-26 19:00:00
85,76,76,2023-11-26 19:00:00
67,68,62,2023-11-26 19:00:00
80,89,71,2023-11-27 19:00:00
88,90,78,2023-11-27 19:00:00
65,63,4,2023-11-27 19:00:00
79,77,16,2023-11-27 19:00:00
69,74,64,2023-11-27 19:00:00
86,70,77,2023-11-27 19:00:00
75,63,68,2023-11-28 19:00:00
92,71,27,2023-11-28 19:00:00
85,90,76,2023-11-28 19:00:00
94,73,81,2023-11-28 19:00:00
83,91,74,2023-11-28 19:00:00
67,82,62,2023-11-28 19:00:00
93,81,29,2023-11-28 19:00:00
87,74,20,2023-11-28 19:00:00
84,76,75,2023-11-28 19:00:00
68,64,63,2023-11-28 19:00:00
80,66,71,2023-11-29 19:00:00
72,70,8,2023-11-29 19:00:00
79,78,16,2023-11-29 19:00:00
76,70,69,2023-11-30 19:00:00
75,65,68,2023-11-30 19:00:00
89,86,25,2023-11-30 19:00:00
81,91,72,2023-11-30 19:00:00
88,64,78,2023-11-30 19:00:00
78,92,15,2023-11-30 19:00:00
66,74,61,2023-11-30 19:00:00
67,94,62,2023-11-30 19:00:00
93,83,29,2023-11-30 19:00:00
73,77,66,2023-11-30 19:00:00
63,82,60,2023-11-30 19:00:00
87,71,20,2023-11-30 19:00:00
84,90,75,2023-11-30 19:00:00
68,85,63,2023-11-30 19:00:00
80,69,71,2023-12-01 19:00:00
83,86,74,2023-12-01 19:00:00
76,65,69,2023-12-02 19:00:00
75,73,68,2023-12-02 19:00:00
81,77,72,2023-12-02 19:00:00
88,84,78,2023-12-02 19:00:00
64,63,1,2023-12-02 19:00:00
74,91,67,2023-12-02 19:00:00
66,78,61,2023-12-02 19:00:00
67,79,62,2023-12-02 19:00:00
69,71,64,2023-12-02 19:00:00
82,93,73,2023-12-02 19:00:00
87,89,20,2023-12-02 19:00:00
90,70,79,2023-12-02 19:00:00
68,92,63,2023-12-02 19:00:00
89,80,25,2023-12-03 19:00:00
77,67,70,2023-12-03 19:00:00
72,65,8,2023-12-03 19:00:00
94,92,81,2023-12-03 19:00:00
79,86,16,2023-12-03 19:00:00
75,70,68,2023-12-04 19:00:00
66,71,61,2023-12-04 19:00:00
93,82,29,2023-12-04 19:00:00
63,64,60,2023-12-04 19:00:00
90,73,79,2023-12-04 19:00:00
68,81,63,2023-12-04 19:00:00
77,78,70,2023-12-05 19:00:00
80,72,71,2023-12-05 19:00:00
88,94,78,2023-12-05 19:00:00
92,67,27,2023-12-05 19:00:00
65,76,4,2023-12-05 19:00:00
91,86,80,2023-12-05 19:00:00
69,79,64,2023-12-05 19:00:00
84,83,75,2023-12-05 19:00:00
85,81,76,2023-12-06 19:00:00
74,64,67,2023-12-06 19:00:00
73,90,66,2023-12-06 19:00:00
63,82,60,2023-12-06 19:00:00
75,93,68,2023-12-07 19:00:00
89,77,25,2023-12-07 19:00:00
88,81,78,2023-12-07 19:00:00
92,76,27,2023-12-07 19:00:00
65,68,4,2023-12-07 19:00:00
78,86,15,2023-12-07 19:00:00
66,72,61,2023-12-07 19:00:00
67,63,62,2023-12-07 19:00:00
91,80,80,2023-12-07 19:00:00
69,87,64,2023-12-07 19:00:00
71,83,65,2023-12-07 19:00:00
84,94,75,2023-12-07 19:00:00
70,64,6,2023-12-07 19:00:00
80,73,71,2023-12-08 19:00:00
85,94,76,2023-12-08 19:00:00
74,82,67,2023-12-08 19:00:00
89,75,25,2023-12-09 19:00:00
77,66,70,2023-12-09 19:00:00
88,83,78,2023-12-09 19:00:00
92,73,27,2023-12-09 19:00:00
65,93,4,2023-12-09 19:00:00
64,90,1,2023-12-09 19:00:00
78,69,15,2023-12-09 19:00:00
91,72,80,2023-12-09 19:00:00
71,63,65,2023-12-09 19:00:00
87,67,20,2023-12-09 19:00:00
84,81,75,2023-12-09 19:00:00
70,79,6,2023-12-09 19:00:00
76,68,69,2023-12-10 19:00:00
80,74,71,2023-12-10 19:00:00
92,70,27,2023-12-10 19:00:00
85,83,76,2023-12-10 19:00:00
66,67,61,2023-12-10 19:00:00
79,72,16,2023-12-10 19:00:00
71,94,65,2023-12-10 19:00:00
90,86,79,2023-12-10 19:00:00
77,75,70,2023-12-11 19:00:00
65,88,4,2023-12-11 19:00:00
64,78,1,2023-12-11 19:00:00
91,87,80,2023-12-11 19:00:00
85,92,76,2023-12-12 19:00:00
67,93,62,2023-12-12 19:00:00
79,87,16,2023-12-12 19:00:00
69,81,64,2023-12-12 19:00:00
82,75,73,2023-12-12 19:00:00
71,74,65,2023-12-12 19:00:00
86,68,77,2023-12-12 19:00:00
73,78,66,2023-12-12 19:00:00
84,63,75,2023-12-12 19:00:00
90,88,79,2023-12-12 19:00:00
65,77,4,2023-12-13 19:00:00
72,68,8,2023-12-13 19:00:00
66,82,61,2023-12-13 19:00:00
83,89,74,2023-12-13 19:00:00
91,76,80,2023-12-13 19:00:00
78,81,15,2023-12-14 19:00:00
85,63,76,2023-12-14 19:00:00
94,88,81,2023-12-14 19:00:00
93,70,29,2023-12-14 19:00:00
71,92,65,2023-12-14 19:00:00
73,69,66,2023-12-14 19:00:00
87,80,20,2023-12-14 19:00:00
84,74,75,2023-12-14 19:00:00
75,86,68,2023-12-15 19:00:00
81,67,72,2023-12-15 19:00:00
64,69,1,2023-12-15 19:00:00
91,89,80,2023-12-15 19:00:00
79,76,16,2023-12-15 19:00:00
90,77,79,2023-12-15 19:00:00
75,77,68,2023-12-16 19:00:00
89,79,25,2023-12-16 19:00:00
80,83,71,2023-12-16 19:00:00
88,63,78,2023-12-16 19:00:00
85,74,76,2023-12-16 19:00:00
94,84,81,2023-12-16 19:00:00
66,91,61,2023-12-16 19:00:00
67,70,62,2023-12-16 19:00:00
93,78,29,2023-12-16 19:00:00
71,72,65,2023-12-16 19:00:00
73,64,66,2023-12-16 19:00:00
87,82,20,2023-12-16 19:00:00
68,65,63,2023-12-16 19:00:00
81,70,72,2023-12-17 19:00:00
92,84,27,2023-12-17 19:00:00
65,86,4,2023-12-17 19:00:00
83,76,74,2023-12-17 19:00:00
90,69,79,2023-12-17 19:00:00
88,74,78,2023-12-18 19:00:00
64,71,1,2023-12-18 19:00:00
78,76,15,2023-12-18 19:00:00
82,94,73,2023-12-18 19:00:00
68,66,63,2023-12-18 19:00:00
75,69,68,2023-12-19 19:00:00
89,94,25,2023-12-19 19:00:00
77,80,70,2023-12-19 19:00:00
81,90,72,2023-12-19 19:00:00
92,65,27,2023-12-19 19:00:00
83,93,74,2023-12-19 19:00:00
67,84,62,2023-12-19 19:00:00
91,85,80,2023-12-19 19:00:00
86,72,77,2023-12-19 19:00:00
63,73,60,2023-12-19 19:00:00
87,79,20,2023-12-19 19:00:00
72,71,8,2023-12-20 19:00:00
68,78,63,2023-12-20 19:00:00
70,91,6,2023-12-20 19:00:00
76,88,69,2023-12-21 19:00:00
77,87,70,2023-12-21 19:00:00
80,70,71,2023-12-21 19:00:00
65,69,4,2023-12-21 19:00:00
64,84,1,2023-12-21 19:00:00
74,73,67,2023-12-21 19:00:00
94,66,81,2023-12-21 19:00:00
83,85,74,2023-12-21 19:00:00
93,67,29,2023-12-21 19:00:00
82,81,73,2023-12-21 19:00:00
86,75,77,2023-12-21 19:00:00
63,90,60,2023-12-21 19:00:00
92,66,27,2023-12-22 19:00:00
78,93,15,2023-12-22 19:00:00
79,85,16,2023-12-22 19:00:00
68,89,63,2023-12-22 19:00:00
76,71,69,2023-12-23 19:00:00
81,91,72,2023-12-23 19:00:00
80,87,71,2023-12-23 19:00:00
65,75,4,2023-12-23 19:00:00
74,90,67,2023-12-23 19:00:00
72,88,8,2023-12-23 19:00:00
94,89,81,2023-12-23 19:00:00
83,78,74,2023-12-23 19:00:00
67,64,62,2023-12-23 19:00:00
79,77,16,2023-12-23 19:00:00
69,82,64,2023-12-23 19:00:00
73,92,66,2023-12-23 19:00:00
84,86,75,2023-12-23 19:00:00
70,63,6,2023-12-23 19:00:00
76,90,69,2023-12-27 19:00:00
75,65,68,2023-12-27 19:00:00
77,89,70,2023-12-27 19:00:00
88,71,78,2023-12-27 19:00:00
92,68,27,2023-12-27 19:00:00
72,86,8,2023-12-27 19:00:00
94,78,81,2023-12-27 19:00:00
83,80,74,2023-12-27 19:00:00
67,81,62,2023-12-27 19:00:00
91,82,80,2023-12-27 19:00:00
79,70,16,2023-12-27 19:00:00
73,64,66,2023-12-27 19:00:00
63,74,60,2023-12-27 19:00:00
87,69,20,2023-12-27 19:00:00
81,66,72,2023-12-28 19:00:00
86,85,77,2023-12-28 19:00:00
84,93,75,2023-12-28 19:00:00
90,72,79,2023-12-28 19:00:00
76,75,69,2023-12-29 19:00:00
80,87,71,2023-12-29 19:00:00
64,92,1,2023-12-29 19:00:00
78,67,15,2023-12-29 19:00:00
74,79,67,2023-12-29 19:00:00
91,70,80,2023-12-29 19:00:00
69,83,64,2023-12-29 19:00:00
71,93,65,2023-12-29 19:00:00
73,65,66,2023-12-29 19:00:00
89,83,25,2023-12-30 19:00:00
77,80,70,2023-12-30 19:00:00
74,66,67,2023-12-30 19:00:00
72,85,8,2023-12-30 19:00:00
82,73,73,2023-12-30 19:00:00
63,79,60,2023-12-30 19:00:00
87,81,20,2023-12-30 19:00:00
68,94,63,2023-12-30 19:00:00
70,67,6,2023-12-30 19:00:00
76,85,69,2023-12-31 19:00:00
88,93,78,2023-12-31 19:00:00
65,86,4,2023-12-31 19:00:00
64,92,1,2023-12-31 19:00:00
78,89,15,2023-12-31 19:00:00
94,68,81,2023-12-31 19:00:00
69,77,64,2023-12-31 19:00:00
82,91,73,2023-12-31 19:00:00
63,66,60,2023-12-31 19:00:00
71,90,65,2024-01-01 19:00:00
75,74,68,2024-01-02 19:00:00
80,89,71,2024-01-02 19:00:00
65,91,4,2024-01-02 19:00:00
64,66,1,2024-01-02 19:00:00
85,93,76,2024-01-02 19:00:00
72,87,8,2024-01-02 19:00:00
94,88,81,2024-01-02 19:00:00
67,92,62,2024-01-02 19:00:00
79,81,16,2024-01-02 19:00:00
82,70,73,2024-01-02 19:00:00
86,78,77,2024-01-02 19:00:00
84,69,75,2024-01-02 19:00:00
68,63,63,2024-01-02 19:00:00
76,87,69,2024-01-03 19:00:00
70,83,6,2024-01-03 19:00:00
75,91,68,2024-01-04 19:00:00
89,82,25,2024-01-04 19:00:00
64,65,1,2024-01-04 19:00:00
72,78,8,2024-01-04 19:00:00
94,63,81,2024-01-04 19:00:00
66,77,61,2024-01-04 19:00:00
67,88,62,2024-01-04 19:00:00
79,92,16,2024-01-04 19:00:00
93,80,29,2024-01-04 19:00:00
71,69,65,2024-01-04 19:00:00
86,68,77,2024-01-04 19:00:00
73,84,66,2024-01-04 19:00:00
90,74,79,2024-01-04 19:00:00
76,68,69,2024-01-05 19:00:00
83,92,74,2024-01-05 19:00:00
70,81,6,2024-01-05 19:00:00
89,63,25,2024-01-06 19:00:00
81,73,72,2024-01-06 19:00:00
80,94,71,2024-01-06 19:00:00
65,74,4,2024-01-06 19:00:00
64,67,1,2024-01-06 19:00:00
85,69,76,2024-01-06 19:00:00
66,79,61,2024-01-06 19:00:00
83,84,74,2024-01-06 19:00:00
93,88,29,2024-01-06 19:00:00
82,77,73,2024-01-06 19:00:00
86,87,77,2024-01-06 19:00:00
90,91,79,2024-01-06 19:00:00
76,78,69,2024-01-07 19:00:00
75,68,68,2024-01-07 19:00:00
92,88,27,2024-01-07 19:00:00
70,72,6,2024-01-07 19:00:00
65,89,4,2024-01-08 19:00:00
94,64,81,2024-01-08 19:00:00
79,84,16,2024-01-08 19:00:00
93,82,29,2024-01-08 19:00:00
75,89,68,2024-01-09 19:00:00
77,71,70,2024-01-09 19:00:00
88,69,78,2024-01-09 19:00:00
92,85,27,2024-01-09 19:00:00
67,76,62,2024-01-09 19:00:00
91,84,80,2024-01-09 19:00:00
73,74,66,2024-01-09 19:00:00
63,72,60,2024-01-09 19:00:00
87,86,20,2024-01-09 19:00:00
68,80,63,2024-01-09 19:00:00
65,90,4,2024-01-10 19:00:00
64,94,1,2024-01-10 19:00:00
93,66,29,2024-01-10 19:00:00
75,88,68,2024-01-11 19:00:00
77,69,70,2024-01-11 19:00:00
81,76,72,2024-01-11 19:00:00
78,85,15,2024-01-11 19:00:00
74,72,67,2024-01-11 19:00:00
66,86,61,2024-01-11 19:00:00
91,87,80,2024-01-11 19:00:00
82,84,73,2024-01-11 19:00:00
73,79,66,2024-01-11 19:00:00
63,83,60,2024-01-11 19:00:00
90,89,79,2024-01-11 19:00:00
68,92,63,2024-01-11 19:00:00
70,71,6,2024-01-11 19:00:00
64,67,1,2024-01-12 19:00:00
94,93,81,2024-01-12 19:00:00
77,84,70,2024-01-13 19:00:00
81,82,72,2024-01-13 19:00:00
80,71,71,2024-01-13 19:00:00
92,64,27,2024-01-13 19:00:00
78,72,15,2024-01-13 19:00:00
74,83,67,2024-01-13 19:00:00
94,75,81,2024-01-13 19:00:00
66,85,61,2024-01-13 19:00:00
67,91,62,2024-01-13 19:00:00
69,86,64,2024-01-13 19:00:00
73,89,66,2024-01-13 19:00:00
63,76,60,2024-01-13 19:00:00
87,65,20,2024-01-13 19:00:00
90,88,79,2024-01-13 19:00:00
68,93,63,2024-01-13 19:00:00
70,79,6,2024-01-13 19:00:00
79,70,16,2024-01-14 19:00:00
87,78,20,2024-01-14 19:00:00
89,83,25,2024-01-15 19:00:00
77,86,70,2024-01-15 19:00:00
81,72,72,2024-01-15 19:00:00
80,84,71,2024-01-15 19:00:00
74,76,67,2024-01-15 19:00:00
94,91,81,2024-01-15 19:00:00
66,65,61,2024-01-15 19:00:00
82,71,73,2024-01-15 19:00:00
73,93,66,2024-01-15 19:00:00
90,67,79,2024-01-15 19:00:00
88,75,78,2024-01-16 19:00:00
92,86,27,2024-01-16 19:00:00
64,72,1,2024-01-16 19:00:00
85,87,76,2024-01-16 19:00:00
79,71,16,2024-01-16 19:00:00
69,65,64,2024-01-16 19:00:00
68,91,63,2024-01-16 19:00:00
70,76,6,2024-01-16 19:00:00
77,92,70,2024-01-17 19:00:00
74,78,67,2024-01-17 19:00:00
83,66,74,2024-01-17 19:00:00
89,65,25,2024-01-18 19:00:00
88,87,78,2024-01-18 19:00:00
85,71,76,2024-01-18 19:00:00
72,67,8,2024-01-18 19:00:00
69,66,64,2024-01-18 19:00:00
93,64,29,2024-01-18 19:00:00
63,94,60,2024-01-18 19:00:00
84,75,75,2024-01-18 19:00:00
90,79,79,2024-01-18 19:00:00
70,73,6,2024-01-18 19:00:00
81,78,72,2024-01-19 19:00:00
80,83,71,2024-01-19 19:00:00
92,91,27,2024-01-19 19:00:00
74,94,67,2024-01-19 19:00:00
75,67,68,2024-01-20 19:00:00
89,66,25,2024-01-20 19:00:00
77,63,70,2024-01-20 19:00:00
88,85,78,2024-01-20 19:00:00
72,79,8,2024-01-20 19:00:00
83,64,74,2024-01-20 19:00:00
69,68,64,2024-01-20 19:00:00
93,65,29,2024-01-20 19:00:00
86,76,77,2024-01-20 19:00:00
73,70,66,2024-01-20 19:00:00
84,87,75,2024-01-20 19:00:00
90,82,79,2024-01-20 19:00:00
76,79,69,2024-01-21 19:00:00
81,94,72,2024-01-21 19:00:00
78,63,15,2024-01-21 19:00:00
91,64,80,2024-01-21 19:00:00
93,69,29,2024-01-21 19:00:00
71,87,65,2024-01-21 19:00:00
75,82,68,2024-01-22 19:00:00
89,68,25,2024-01-22 19:00:00
72,86,8,2024-01-22 19:00:00
83,90,74,2024-01-22 19:00:00
67,74,62,2024-01-22 19:00:00
84,92,75,2024-01-22 19:00:00
76,77,69,2024-01-23 19:00:00
88,73,78,2024-01-23 19:00:00
78,64,15,2024-01-23 19:00:00
85,80,76,2024-01-23 19:00:00
94,70,81,2024-01-23 19:00:00
66,69,61,2024-01-23 19:00:00
91,90,80,2024-01-23 19:00:00
93,63,29,2024-01-23 19:00:00
86,79,77,2024-01-23 19:00:00
89,81,25,2024-01-24 19:00:00
65,70,4,2024-01-24 19:00:00
74,75,67,2024-01-24 19:00:00
72,77,8,2024-01-24 19:00:00
71,92,65,2024-01-24 19:00:00
87,68,20,2024-01-24 19:00:00
84,73,75,2024-01-24 19:00:00
81,83,72,2024-01-25 19:00:00
88,80,78,2024-01-25 19:00:00
64,76,1,2024-01-25 19:00:00
78,93,15,2024-01-25 19:00:00
85,92,76,2024-01-25 19:00:00
94,67,81,2024-01-25 19:00:00
66,91,61,2024-01-25 19:00:00
69,89,64,2024-01-25 19:00:00
63,75,60,2024-01-25 19:00:00
65,72,4,2024-01-26 19:00:00
79,90,16,2024-01-26 19:00:00
82,74,73,2024-01-26 19:00:00
71,73,65,2024-01-26 19:00:00
81,75,72,2024-01-27 19:00:00
88,92,78,2024-01-27 19:00:00
64,70,1,2024-01-27 19:00:00
78,90,15,2024-01-27 19:00:00
85,67,76,2024-01-27 19:00:00
94,76,81,2024-01-27 19:00:00
91,74,80,2024-01-27 19:00:00
69,79,64,2024-01-27 19:00:00
93,89,29,2024-01-27 19:00:00
82,66,73,2024-01-27 19:00:00
86,77,77,2024-01-27 19:00:00
63,83,60,2024-01-27 19:00:00
84,80,75,2024-01-27 19:00:00
68,87,63,2024-01-27 19:00:00
71,80,65,2024-01-28 19:00:00
73,72,66,2024-01-28 19:00:00
69,67,64,2024-01-29 19:00:00
86,71,77,2024-01-30 19:00:00
73,80,66,2024-01-30 19:00:00
76,86,69,2024-01-31 19:00:00
78,69,15,2024-01-31 19:00:00
67,72,62,2024-01-31 19:00:00
79,65,16,2024-02-05 19:00:00
87,91,20,2024-02-05 19:00:00
89,88,25,2024-02-06 19:00:00
77,64,70,2024-02-06 19:00:00
81,84,72,2024-02-06 19:00:00
74,93,67,2024-02-06 19:00:00
83,65,74,2024-02-06 19:00:00
82,68,73,2024-02-06 19:00:00
90,85,79,2024-02-06 19:00:00
70,66,6,2024-02-06 19:00:00
92,94,27,2024-02-07 19:00:00
79,63,16,2024-02-07 19:00:00
87,64,20,2024-02-07 19:00:00
75,90,68,2024-02-08 19:00:00
89,84,25,2024-02-08 19:00:00
81,65,72,2024-02-08 19:00:00
74,70,67,2024-02-08 19:00:00
83,88,74,2024-02-08 19:00:00
91,63,80,2024-02-08 19:00:00
93,68,29,2024-02-08 19:00:00
76,85,69,2024-02-09 19:00:00
92,79,27,2024-02-09 19:00:00
94,82,81,2024-02-09 19:00:00
89,70,25,2024-02-10 19:00:00
77,73,70,2024-02-10 19:00:00
81,83,72,2024-02-10 19:00:00
80,63,71,2024-02-10 19:00:00
78,84,15,2024-02-10 19:00:00
74,65,67,2024-02-10 19:00:00
72,85,8,2024-02-10 19:00:00
66,64,61,2024-02-10 19:00:00
67,75,62,2024-02-10 19:00:00
91,88,80,2024-02-10 19:00:00
69,87,64,2024-02-10 19:00:00
93,71,29,2024-02-10 19:00:00
68,82,63,2024-02-10 19:00:00
66,73,61,2024-02-11 19:00:00
70,84,6,2024-02-11 19:00:00
83,71,74,2024-02-12 19:00:00
79,88,16,2024-02-12 19:00:00
93,75,29,2024-02-12 19:00:00
90,94,79,2024-02-12 19:00:00
89,63,25,2024-02-13 19:00:00
77,72,70,2024-02-13 19:00:00
92,84,27,2024-02-13 19:00:00
64,81,1,2024-02-13 19:00:00
85,78,76,2024-02-13 19:00:00
66,76,61,2024-02-13 19:00:00
67,83,62,2024-02-13 19:00:00
91,71,80,2024-02-13 19:00:00
69,80,64,2024-02-13 19:00:00
87,73,20,2024-02-13 19:00:00
70,65,6,2024-02-13 19:00:00
75,94,68,2024-02-14 19:00:00
82,74,73,2024-02-14 19:00:00
68,86,63,2024-02-14 19:00:00
89,71,25,2024-02-15 19:00:00
77,74,70,2024-02-15 19:00:00
88,86,78,2024-02-15 19:00:00
92,82,27,2024-02-15 19:00:00
83,72,74,2024-02-15 19:00:00
67,64,62,2024-02-15 19:00:00
79,66,16,2024-02-15 19:00:00
69,76,64,2024-02-15 19:00:00
73,85,66,2024-02-15 19:00:00
63,65,60,2024-02-15 19:00:00
87,93,20,2024-02-15 19:00:00
84,78,75,2024-02-15 19:00:00
75,81,68,2024-02-16 19:00:00
89,72,25,2024-02-17 19:00:00
88,78,78,2024-02-17 19:00:00
92,69,27,2024-02-17 19:00:00
64,85,1,2024-02-17 19:00:00
94,77,81,2024-02-17 19:00:00
66,70,61,2024-02-17 19:00:00
83,93,74,2024-02-17 19:00:00
86,80,77,2024-02-17 19:00:00
73,67,66,2024-02-17 19:00:00
63,74,60,2024-02-17 19:00:00
87,76,20,2024-02-17 19:00:00
84,68,75,2024-02-17 19:00:00
90,81,79,2024-02-17 19:00:00
65,75,4,2024-02-18 19:00:00
91,79,80,2024-02-18 19:00:00
82,72,73,2024-02-18 19:00:00
75,85,68,2024-02-19 19:00:00
89,64,25,2024-02-19 19:00:00
77,76,70,2024-02-19 19:00:00
81,92,72,2024-02-19 19:00:00
88,68,78,2024-02-19 19:00:00
94,84,81,2024-02-19 19:00:00
71,78,65,2024-02-19 19:00:00
86,90,77,2024-02-19 19:00:00
73,87,66,2024-02-19 19:00:00
63,69,60,2024-02-19 19:00:00
65,84,4,2024-02-20 19:00:00
74,69,67,2024-02-20 19:00:00
72,80,8,2024-02-20 19:00:00
79,64,16,2024-02-20 19:00:00
82,91,73,2024-02-20 19:00:00
90,67,79,2024-02-20 19:00:00
68,94,63,2024-02-20 19:00:00
70,83,6,2024-02-20 19:00:00
76,80,69,2024-02-21 19:00:00
75,87,68,2024-02-21 19:00:00
92,93,27,2024-02-21 19:00:00
85,89,76,2024-02-21 19:00:00
66,77,61,2024-02-21 19:00:00
81,74,72,2024-02-22 19:00:00
88,89,78,2024-02-22 19:00:00
78,65,15,2024-02-22 19:00:00
72,67,8,2024-02-22 19:00:00
83,79,74,2024-02-22 19:00:00
69,64,64,2024-02-22 19:00:00
82,66,73,2024-02-22 19:00:00
71,84,65,2024-02-22 19:00:00
73,91,66,2024-02-22 19:00:00
63,70,60,2024-02-22 19:00:00
90,87,79,2024-02-22 19:00:00
80,77,71,2024-02-23 19:00:00
92,68,27,2024-02-23 19:00:00
85,94,76,2024-02-23 19:00:00
81,64,72,2024-02-24 19:00:00
65,87,4,2024-02-24 19:00:00
78,73,15,2024-02-24 19:00:00
85,88,76,2024-02-24 19:00:00
74,70,67,2024-02-24 19:00:00
72,76,8,2024-02-24 19:00:00
83,66,74,2024-02-24 19:00:00
91,63,80,2024-02-24 19:00:00
69,90,64,2024-02-24 19:00:00
93,79,29,2024-02-24 19:00:00
71,94,65,2024-02-24 19:00:00
86,67,77,2024-02-24 19:00:00
84,89,75,2024-02-24 19:00:00
76,67,69,2024-02-25 19:00:00
77,81,70,2024-02-25 19:00:00
80,79,71,2024-02-25 19:00:00
92,78,27,2024-02-25 19:00:00
83,63,74,2024-02-25 19:00:00
82,93,73,2024-02-25 19:00:00
68,75,63,2024-02-25 19:00:00
64,91,1,2024-02-26 19:00:00
85,72,76,2024-02-26 19:00:00
71,89,65,2024-02-26 19:00:00
70,69,6,2024-02-26 19:00:00
88,72,78,2024-02-27 19:00:00
65,64,4,2024-02-27 19:00:00
78,70,15,2024-02-27 19:00:00
74,77,67,2024-02-27 19:00:00
94,81,81,2024-02-27 19:00:00
66,75,61,2024-02-27 19:00:00
67,69,62,2024-02-27 19:00:00
93,63,29,2024-02-27 19:00:00
86,83,77,2024-02-27 19:00:00
87,90,20,2024-02-27 19:00:00
84,82,75,2024-02-27 19:00:00
68,73,63,2024-02-27 19:00:00
85,73,76,2024-02-28 19:00:00
79,80,16,2024-02-28 19:00:00
89,90,25,2024-02-29 19:00:00
80,81,71,2024-02-29 19:00:00
92,65,27,2024-02-29 19:00:00
64,68,1,2024-02-29 19:00:00
78,91,15,2024-02-29 19:00:00
74,66,67,2024-02-29 19:00:00
67,94,62,2024-02-29 19:00:00
71,82,65,2024-02-29 19:00:00
86,76,77,2024-02-29 19:00:00
63,77,60,2024-02-29 19:00:00
87,75,20,2024-02-29 19:00:00
84,72,75,2024-02-29 19:00:00
76,83,69,2024-03-01 19:00:00
69,75,64,2024-03-01 19:00:00
70,93,6,2024-03-01 19:00:00
77,90,70,2024-03-02 19:00:00
81,68,72,2024-03-02 19:00:00
88,82,78,2024-03-02 19:00:00
92,80,27,2024-03-02 19:00:00
64,86,1,2024-03-02 19:00:00
78,74,15,2024-03-02 19:00:00
67,65,62,2024-03-02 19:00:00
91,89,80,2024-03-02 19:00:00
93,69,29,2024-03-02 19:00:00
71,85,65,2024-03-02 19:00:00
73,94,66,2024-03-02 19:00:00
63,66,60,2024-03-02 19:00:00
87,79,20,2024-03-02 19:00:00
76,84,69,2024-03-03 19:00:00
77,68,70,2024-03-03 19:00:00
85,82,76,2024-03-03 19:00:00
72,83,8,2024-03-03 19:00:00
94,86,81,2024-03-03 19:00:00
70,75,6,2024-03-03 19:00:00
80,90,71,2024-03-04 19:00:00
88,71,78,2024-03-04 19:00:00
65,92,4,2024-03-04 19:00:00
79,74,16,2024-03-04 19:00:00
93,73,29,2024-03-04 19:00:00
87,89,20,2024-03-04 19:00:00
75,92,68,2024-03-05 19:00:00
89,85,25,2024-03-05 19:00:00
72,84,8,2024-03-05 19:00:00
83,74,74,2024-03-05 19:00:00
67,66,62,2024-03-05 19:00:00
91,73,80,2024-03-05 19:00:00
82,80,73,2024-03-05 19:00:00
86,64,77,2024-03-05 19:00:00
68,71,63,2024-03-05 19:00:00
76,69,69,2024-03-06 19:00:00
65,78,4,2024-03-06 19:00:00
87,77,20,2024-03-06 19:00:00
75,94,68,2024-03-07 19:00:00
89,87,25,2024-03-07 19:00:00
81,66,72,2024-03-07 19:00:00
80,85,71,2024-03-07 19:00:00
74,93,67,2024-03-07 19:00:00
72,69,8,2024-03-07 19:00:00
83,73,74,2024-03-07 19:00:00
67,77,62,2024-03-07 19:00:00
82,70,73,2024-03-07 19:00:00
86,91,77,2024-03-07 19:00:00
63,88,60,2024-03-07 19:00:00
90,84,79,2024-03-07 19:00:00
76,64,69,2024-03-08 19:00:00
75,78,68,2024-03-08 19:00:00
65,94,4,2024-03-08 19:00:00
71,68,65,2024-03-08 19:00:00
89,82,25,2024-03-09 19:00:00
77,85,70,2024-03-09 19:00:00
80,67,71,2024-03-09 19:00:00
74,88,67,2024-03-09 19:00:00
72,64,8,2024-03-09 19:00:00
66,87,61,2024-03-09 19:00:00
83,81,74,2024-03-09 19:00:00
79,73,16,2024-03-09 19:00:00
86,69,77,2024-03-09 19:00:00
63,93,60,2024-03-09 19:00:00
84,68,75,2024-03-09 19:00:00
90,78,79,2024-03-09 19:00:00
70,92,6,2024-03-09 19:00:00
76,91,69,2024-03-10 19:00:00
81,88,72,2024-03-10 19:00:00
92,75,27,2024-03-10 19:00:00
94,67,81,2024-03-10 19:00:00
82,85,73,2024-03-10 19:00:00
89,73,25,2024-03-11 19:00:00
72,91,8,2024-03-11 19:00:00
79,83,16,2024-03-11 19:00:00
68,70,63,2024-03-11 19:00:00
77,78,70,2024-03-12 19:00:00
81,79,72,2024-03-12 19:00:00
88,65,78,2024-03-12 19:00:00
92,76,27,2024-03-12 19:00:00
64,74,1,2024-03-12 19:00:00
94,75,81,2024-03-12 19:00:00
66,80,61,2024-03-12 19:00:00
69,82,64,2024-03-12 19:00:00
93,86,29,2024-03-12 19:00:00
71,90,65,2024-03-12 19:00:00
85,70,76,2024-03-13 19:00:00
73,72,66,2024-03-13 19:00:00
84,65,75,2024-03-13 19:00:00
68,67,63,2024-03-13 19:00:00
77,91,70,2024-03-14 19:00:00
81,74,72,2024-03-14 19:00:00
80,69,71,2024-03-14 19:00:00
88,90,78,2024-03-14 19:00:00
64,83,1,2024-03-14 19:00:00
78,75,15,2024-03-14 19:00:00
94,76,81,2024-03-14 19:00:00
66,89,61,2024-03-14 19:00:00
93,87,29,2024-03-14 19:00:00
82,86,73,2024-03-14 19:00:00
71,70,65,2024-03-14 19:00:00
63,79,60,2024-03-14 19:00:00
92,72,27,2024-03-15 19:00:00
68,76,63,2024-03-15 19:00:00
75,83,68,2024-03-16 19:00:00
89,93,25,2024-03-16 19:00:00
80,86,71,2024-03-16 19:00:00
88,66,78,2024-03-16 19:00:00
64,72,1,2024-03-16 19:00:00
78,77,15,2024-03-16 19:00:00
85,65,76,2024-03-16 19:00:00
74,63,67,2024-03-16 19:00:00
91,69,80,2024-03-16 19:00:00
82,79,73,2024-03-16 19:00:00
71,67,65,2024-03-16 19:00:00
73,94,66,2024-03-16 19:00:00
87,81,20,2024-03-16 19:00:00
84,70,75,2024-03-16 19:00:00
80,68,71,2024-03-17 19:00:00
92,86,27,2024-03-17 19:00:00
79,91,16,2024-03-17 19:00:00
69,81,64,2024-03-17 19:00:00
82,78,73,2024-03-17 19:00:00
73,76,66,2024-03-17 19:00:00
90,83,79,2024-03-17 19:00:00
88,70,78,2024-03-18 19:00:00
71,77,65,2024-03-18 19:00:00
76,94,69,2024-03-19 19:00:00
89,69,25,2024-03-19 19:00:00
78,80,15,2024-03-19 19:00:00
85,66,76,2024-03-19 19:00:00
72,92,8,2024-03-19 19:00:00
83,82,74,2024-03-19 19:00:00
67,86,62,2024-03-19 19:00:00
91,81,80,2024-03-19 19:00:00
79,68,16,2024-03-19 19:00:00
93,87,29,2024-03-19 19:00:00
73,65,66,2024-03-19 19:00:00
84,77,75,2024-03-19 19:00:00
90,63,79,2024-03-19 19:00:00
64,75,1,2024-03-20 19:00:00
72,94,8,2024-03-20 19:00:00
70,87,6,2024-03-20 19:00:00
76,92,69,2024-03-21 19:00:00
89,79,25,2024-03-21 19:00:00
81,93,72,2024-03-21 19:00:00
78,91,15,2024-03-21 19:00:00
85,77,76,2024-03-21 19:00:00
74,67,67,2024-03-21 19:00:00
83,68,74,2024-03-21 19:00:00
69,73,64,2024-03-21 19:00:00
86,63,77,2024-03-21 19:00:00
84,66,75,2024-03-21 19:00:00
90,71,79,2024-03-21 19:00:00
75,71,68,2024-03-22 19:00:00
65,80,4,2024-03-22 19:00:00
64,82,1,2024-03-22 19:00:00
70,81,6,2024-03-22 19:00:00
72,63,8,2024-03-23 19:00:00
94,73,81,2024-03-23 19:00:00
83,69,74,2024-03-23 19:00:00
67,78,62,2024-03-23 19:00:00
91,68,80,2024-03-23 19:00:00
79,74,16,2024-03-23 19:00:00
93,89,29,2024-03-23 19:00:00
86,92,77,2024-03-23 19:00:00
87,85,20,2024-03-23 19:00:00
84,88,75,2024-03-23 19:00:00
90,80,79,2024-03-23 19:00:00
76,63,69,2024-03-24 19:00:00
75,64,68,2024-03-24 19:00:00
81,87,72,2024-03-24 19:00:00
88,77,78,2024-03-24 19:00:00
65,82,4,2024-03-24 19:00:00
91,83,80,2024-03-24 19:00:00
69,85,64,2024-03-24 19:00:00
93,74,29,2024-03-24 19:00:00
71,66,65,2024-03-24 19:00:00
70,68,6,2024-03-24 19:00:00
73,90,66,2024-03-25 19:00:00
84,72,75,2024-03-25 19:00:00
75,80,68,2024-03-26 19:00:00
92,88,27,2024-03-26 19:00:00
65,66,4,2024-03-26 19:00:00
74,89,67,2024-03-26 19:00:00
67,90,62,2024-03-26 19:00:00
79,93,16,2024-03-26 19:00:00
82,81,73,2024-03-26 19:00:00
71,76,65,2024-03-26 19:00:00
86,64,77,2024-03-26 19:00:00
87,83,20,2024-03-26 19:00:00
68,85,63,2024-03-26 19:00:00
70,78,6,2024-03-26 19:00:00
77,69,70,2024-03-27 19:00:00
63,89,60,2024-03-27 19:00:00
75,67,68,2024-03-28 19:00:00
81,78,72,2024-03-28 19:00:00
65,79,4,2024-03-28 19:00:00
85,72,76,2024-03-28 19:00:00
74,91,67,2024-03-28 19:00:00
94,86,81,2024-03-28 19:00:00
66,93,61,2024-03-28 19:00:00
69,92,64,2024-03-28 19:00:00
82,80,73,2024-03-28 19:00:00
71,76,65,2024-03-28 19:00:00
73,88,66,2024-03-28 19:00:00
87,70,20,2024-03-28 19:00:00
84,64,75,2024-03-28 19:00:00
68,90,63,2024-03-28 19:00:00
77,83,70,2024-03-29 19:00:00
75,79,68,2024-03-30 19:00:00
77,87,70,2024-03-30 19:00:00
80,82,71,2024-03-30 19:00:00
88,72,78,2024-03-30 19:00:00
65,67,4,2024-03-30 19:00:00
85,76,76,2024-03-30 19:00:00
74,78,67,2024-03-30 19:00:00
94,90,81,2024-03-30 19:00:00
66,81,61,2024-03-30 19:00:00
93,92,29,2024-03-30 19:00:00
71,64,65,2024-03-30 19:00:00
73,86,66,2024-03-30 19:00:00
63,91,60,2024-03-30 19:00:00
68,69,63,2024-03-30 19:00:00
70,89,6,2024-03-30 19:00:00
84,76,75,2024-03-31 19:00:00
80,65,71,2024-04-01 19:00:00
79,82,16,2024-04-01 19:00:00
93,91,29,2024-04-01 19:00:00
86,71,77,2024-04-01 19:00:00
73,85,66,2024-04-01 19:00:00
63,78,60,2024-04-01 19:00:00
87,74,20,2024-04-01 19:00:00
68,72,63,2024-04-01 19:00:00
77,70,70,2024-04-02 19:00:00
88,76,78,2024-04-02 19:00:00
94,69,81,2024-04-02 19:00:00
66,74,61,2024-04-02 19:00:00
83,82,74,2024-04-02 19:00:00
67,89,62,2024-04-02 19:00:00
91,92,80,2024-04-02 19:00:00
90,84,79,2024-04-02 19:00:00
75,84,68,2024-04-03 19:00:00
64,85,1,2024-04-03 19:00:00
72,71,8,2024-04-03 19:00:00
79,83,16,2024-04-03 19:00:00
87,63,20,2024-04-03 19:00:00
81,89,72,2024-04-04 19:00:00
80,91,71,2024-04-04 19:00:00
94,65,81,2024-04-04 19:00:00
66,63,61,2024-04-04 19:00:00
67,73,62,2024-04-04 19:00:00
69,74,64,2024-04-04 19:00:00
86,72,77,2024-04-04 19:00:00
68,88,63,2024-04-04 19:00:00
70,82,6,2024-04-04 19:00:00
76,71,69,2024-04-05 19:00:00
75,90,68,2024-04-05 19:00:00
77,93,70,2024-04-05 19:00:00
81,70,72,2024-04-05 19:00:00
78,79,15,2024-04-05 19:00:00
85,65,76,2024-04-05 19:00:00
89,74,25,2024-04-06 19:00:00
80,93,71,2024-04-06 19:00:00
88,85,78,2024-04-06 19:00:00
92,64,27,2024-04-06 19:00:00
72,84,8,2024-04-06 19:00:00
94,68,81,2024-04-06 19:00:00
66,87,61,2024-04-06 19:00:00
91,67,80,2024-04-06 19:00:00
69,83,64,2024-04-06 19:00:00
82,63,73,2024-04-06 19:00:00
86,73,77,2024-04-06 19:00:00
76,73,69,2024-04-07 19:00:00
81,80,72,2024-04-07 19:00:00
92,94,27,2024-04-07 19:00:00
65,64,4,2024-04-07 19:00:00
78,77,15,2024-04-07 19:00:00
83,67,74,2024-04-07 19:00:00
79,66,16,2024-04-07 19:00:00
86,75,77,2024-04-07 19:00:00
70,69,6,2024-04-07 19:00:00
87,82,20,2024-04-08 19:00:00
84,90,75,2024-04-08 19:00:00
76,72,69,2024-04-09 19:00:00
89,81,25,2024-04-09 19:00:00
65,94,4,2024-04-09 19:00:00
64,77,1,2024-04-09 19:00:00
78,70,15,2024-04-09 19:00:00
74,69,67,2024-04-09 19:00:00
66,93,61,2024-04-09 19:00:00
83,87,74,2024-04-09 19:00:00
67,68,62,2024-04-09 19:00:00
91,79,80,2024-04-09 19:00:00
71,75,65,2024-04-09 19:00:00
86,88,77,2024-04-09 19:00:00
63,80,60,2024-04-09 19:00:00
85,90,76,2024-04-10 19:00:00
73,92,66,2024-04-10 19:00:00
84,75,75,2024-04-10 19:00:00
77,70,70,2024-04-11 19:00:00
64,68,1,2024-04-11 19:00:00
74,80,67,2024-04-11 19:00:00
72,88,8,2024-04-11 19:00:00
91,66,80,2024-04-11 19:00:00
79,93,16,2024-04-11 19:00:00
82,78,73,2024-04-11 19:00:00
71,86,65,2024-04-11 19:00:00
63,69,60,2024-04-11 19:00:00
87,83,20,2024-04-11 19:00:00
76,88,69,2024-04-12 19:00:00
92,67,27,2024-04-12 19:00:00
85,75,76,2024-04-12 19:00:00
73,81,66,2024-04-12 19:00:00
90,94,79,2024-04-12 19:00:00
65,68,4,2024-04-13 19:00:00
64,71,1,2024-04-13 19:00:00
85,84,76,2024-04-13 19:00:00
74,77,67,2024-04-13 19:00:00
72,76,8,2024-04-13 19:00:00
67,80,62,2024-04-13 19:00:00
79,91,16,2024-04-13 19:00:00
69,66,64,2024-04-13 19:00:00
93,83,29,2024-04-13 19:00:00
82,89,73,2024-04-13 19:00:00
86,94,77,2024-04-13 19:00:00
87,78,20,2024-04-13 19:00:00
70,63,6,2024-04-13 19:00:00
88,75,78,2024-04-14 19:00:00
92,81,27,2024-04-14 19:00:00
73,71,66,2024-04-14 19:00:00
90,65,79,2024-04-14 19:00:00
78,66,15,2024-04-15 19:00:00
85,86,76,2024-04-15 19:00:00
72,94,8,2024-04-15 19:00:00
83,91,74,2024-04-15 19:00:00
79,69,16,2024-04-15 19:00:00
82,67,73,2024-04-15 19:00:00
63,77,60,2024-04-15 19:00:00
70,89,6,2024-04-15 19:00:00
89,69,25,2024-04-16 19:00:00
80,81,71,2024-04-16 19:00:00
74,87,67,2024-04-16 19:00:00
66,78,61,2024-04-16 19:00:00
93,70,29,2024-04-16 19:00:00
84,88,75,2024-04-16 19:00:00
90,92,79,2024-04-16 19:00:00
68,71,63,2024-04-16 19:00:00
75,85,68,2024-04-17 19:00:00
64,73,1,2024-04-17 19:00:00
91,82,80,2024-04-17 19:00:00
63,87,60,2024-04-17 19:00:00
88,86,78,2024-04-18 19:00:00
65,85,4,2024-04-18 19:00:00
72,92,8,2024-04-18 19:00:00
94,71,81,2024-04-18 19:00:00
90,76,79,2024-04-18 19:00:00
68,84,63,2024-04-18 19:00:00
139,151,51,2023-02-25 15:30:00
150,141,132,2023-02-25 19:30:00
149,125,131,2023-02-25 19:30:00
138,140,49,2023-02-25 19:30:00
148,136,130,2023-02-25 19:30:00
134,144,121,2023-02-25 19:30:00
143,153,126,2023-02-25 19:30:00
152,135,33,2023-02-25 19:30:00
128,145,115,2023-02-25 19:30:00
126,129,113,2023-02-25 19:30:00
133,146,120,2023-02-25 19:30:00
137,131,47,2023-02-26 17:00:00
142,130,125,2023-02-27 19:00:00
127,142,114,2023-03-04 13:30:00
144,139,127,2023-03-04 19:30:00
147,151,56,2023-03-04 19:30:00
135,141,39,2023-03-04 19:30:00
134,150,121,2023-03-04 19:30:00
143,146,126,2023-03-04 19:30:00
136,126,122,2023-03-04 19:30:00
133,148,120,2023-03-04 19:30:00
153,152,133,2023-03-04 19:30:00
131,130,118,2023-03-04 19:30:00
137,145,47,2023-03-04 19:30:00
140,128,123,2023-03-04 19:30:00
149,132,131,2023-03-04 19:30:00
138,129,49,2023-03-04 19:30:00
152,138,33,2023-03-11 12:00:00
128,149,115,2023-03-11 14:00:00
129,136,116,2023-03-11 19:30:00
148,147,130,2023-03-11 19:30:00
142,153,125,2023-03-11 19:30:00
150,137,132,2023-03-11 19:30:00
125,144,112,2023-03-11 19:30:00
130,132,117,2023-03-11 19:30:00
140,131,123,2023-03-11 19:30:00
139,146,51,2023-03-11 19:30:00
151,133,111,2023-03-11 19:30:00
126,134,113,2023-03-11 19:30:00
145,143,128,2023-03-11 19:30:00
127,135,114,2023-03-12 22:30:00
137,127,47,2023-03-18 13:00:00
129,133,116,2023-03-18 19:30:00
134,152,121,2023-03-18 19:30:00
144,136,127,2023-03-18 19:30:00
138,142,49,2023-03-18 19:30:00
146,148,129,2023-03-18 19:30:00
151,126,111,2023-03-18 19:30:00
135,139,39,2023-03-18 19:30:00
149,130,131,2023-03-18 19:30:00
147,150,56,2023-03-18 19:30:00
131,125,118,2023-03-18 19:30:00
141,143,124,2023-03-18 19:30:00
132,128,119,2023-03-18 19:30:00
153,140,133,2023-03-18 19:30:00
142,132,125,2023-03-25 13:30:00
126,135,113,2023-03-25 19:30:00
133,147,120,2023-03-25 19:30:00
148,134,130,2023-03-25 19:30:00
136,138,122,2023-03-25 19:30:00
152,144,33,2023-03-25 19:30:00
125,128,112,2023-03-25 19:30:00
141,151,124,2023-03-25 19:30:00
143,131,126,2023-03-25 19:30:00
140,129,123,2023-03-25 19:30:00
139,150,51,2023-03-25 19:30:00
130,137,117,2023-03-25 19:30:00
145,153,128,2023-03-25 19:30:00
127,149,114,2023-03-25 22:30:00
132,137,119,2023-04-01 16:30:00
134,139,121,2023-04-01 19:30:00
129,152,116,2023-04-01 19:30:00
150,133,132,2023-04-01 19:30:00
136,145,122,2023-04-01 19:30:00
135,151,39,2023-04-01 19:30:00
138,144,49,2023-04-01 19:30:00
148,130,130,2023-04-01 19:30:00
131,127,118,2023-04-01 19:30:00
128,146,115,2023-04-01 19:30:00
149,142,131,2023-04-01 19:30:00
147,126,56,2023-04-01 19:30:00
153,125,133,2023-04-01 19:30:00
140,141,123,2023-04-01 19:30:00
127,143,114,2023-04-08 16:30:00
133,149,120,2023-04-08 19:30:00
150,148,132,2023-04-08 19:30:00
135,146,39,2023-04-08 19:30:00
126,136,113,2023-04-08 19:30:00
144,140,127,2023-04-08 19:30:00
151,138,111,2023-04-08 19:30:00
128,142,115,2023-04-08 19:30:00
137,153,47,2023-04-08 19:30:00
130,131,117,2023-04-08 19:30:00
145,152,128,2023-04-08 19:30:00
141,132,124,2023-04-08 19:30:00
147,125,56,2023-04-08 19:30:00
139,129,51,2023-04-08 19:30:00
146,126,129,2023-04-15 19:30:00
129,138,116,2023-04-15 19:30:00
152,131,33,2023-04-15 19:30:00
144,141,127,2023-04-15 19:30:00
151,139,111,2023-04-15 19:30:00
136,135,122,2023-04-15 19:30:00
132,127,119,2023-04-16 13:30:00
143,128,126,2023-04-15 19:30:00
125,134,112,2023-04-15 19:30:00
153,150,133,2023-04-15 19:30:00
142,137,125,2023-04-15 19:30:00
149,145,131,2023-04-15 19:30:00
140,130,123,2023-04-15 19:30:00
147,148,56,2023-04-15 19:30:00
148,129,130,2023-04-22 19:30:00
151,149,111,2023-04-22 19:30:00
146,144,129,2023-04-22 19:30:00
152,136,33,2023-04-22 19:30:00
150,142,132,2023-04-22 19:30:00
134,126,121,2023-04-22 19:30:00
135,130,39,2023-04-22 19:30:00
138,147,49,2023-04-23 16:30:00
141,133,124,2023-04-22 19:30:00
139,127,51,2023-04-22 19:30:00
131,153,118,2023-04-22 19:30:00
132,143,119,2023-04-22 19:30:00
145,140,128,2023-04-22 19:30:00
137,125,47,2023-04-22 19:30:00
139,138,51,2023-04-29 12:30:00
134,132,121,2023-04-29 19:30:00
136,133,122,2023-04-29 19:30:00
135,150,39,2023-04-29 19:30:00
129,151,116,2023-04-29 19:30:00
126,152,113,2023-04-29 19:30:00
147,144,56,2023-04-29 19:30:00
130,146,117,2023-04-29 19:30:00
128,131,115,2023-04-29 19:30:00
153,142,133,2023-04-29 19:30:00
145,137,128,2023-04-29 19:30:00
143,140,126,2023-04-29 19:30:00
125,149,112,2023-04-30 20:00:00
140,127,123,2023-05-06 16:30:00
144,148,127,2023-05-06 19:30:00
150,126,132,2023-05-06 19:30:00
133,138,120,2023-05-06 19:30:00
152,151,33,2023-05-06 19:30:00
146,134,129,2023-05-06 19:30:00
129,135,116,2023-05-06 19:30:00
137,130,47,2023-05-07 13:30:00
139,147,51,2023-05-06 19:30:00
141,145,124,2023-05-06 19:30:00
142,143,125,2023-05-06 19:30:00
132,131,119,2023-05-06 19:30:00
128,125,115,2023-05-06 19:30:00
147,153,56,2023-05-13 12:00:00
138,152,49,2023-05-13 19:30:00
136,134,122,2023-05-13 19:30:00
144,151,127,2023-05-13 19:30:00
126,139,113,2023-05-13 19:30:00
146,129,129,2023-05-13 19:30:00
133,135,120,2023-05-13 19:30:00
145,127,128,2023-05-13 19:30:00
142,128,125,2023-05-13 19:30:00
141,137,124,2023-05-13 19:30:00
143,149,126,2023-05-13 19:30:00
130,125,117,2023-05-13 19:30:00
131,148,118,2023-05-13 19:30:00
132,140,119,2023-05-14 18:30:00
129,144,116,2023-05-17 19:30:00
148,126,130,2023-05-17 19:30:00
134,151,121,2023-05-17 19:30:00
150,146,132,2023-05-17 19:30:00
136,132,122,2023-05-17 19:30:00
152,147,33,2023-05-17 19:30:00
138,131,49,2023-05-17 19:30:00
127,130,114,2023-05-17 19:30:00
139,133,51,2023-05-17 19:30:00
145,142,128,2023-05-17 19:30:00
125,141,112,2023-05-17 19:30:00
149,128,131,2023-05-17 19:30:00
137,143,47,2023-05-17 19:30:00
126,132,113,2023-05-20 19:30:00
133,134,120,2023-05-20 19:30:00
148,135,130,2023-05-20 19:30:00
152,139,33,2023-05-20 19:30:00
144,146,127,2023-05-20 19:30:00
150,136,132,2023-05-20 19:30:00
128,137,115,2023-05-20 19:30:00
147,138,56,2023-05-20 19:30:00
127,140,114,2023-05-20 19:30:00
149,141,131,2023-05-20 19:30:00
142,125,125,2023-05-20 19:30:00
143,129,126,2023-05-20 19:30:00
131,145,118,2023-05-20 19:30:00
153,130,133,2023-05-20 20:30:00
129,126,116,2023-05-27 19:30:00
151,148,111,2023-05-27 19:30:00
135,147,39,2023-05-27 19:30:00
134,138,121,2023-05-27 19:30:00
146,133,129,2023-05-27 19:30:00
130,142,117,2023-05-28 14:00:00
125,145,112,2023-05-27 19:30:00
153,128,133,2023-05-27 19:30:00
140,149,123,2023-05-27 19:30:00
131,150,118,2023-05-27 19:30:00
132,152,119,2023-05-27 19:30:00
141,143,124,2023-05-27 19:30:00
137,144,47,2023-05-27 19:30:00
139,136,51,2023-05-28 19:30:00
138,135,49,2023-05-31 19:00:00
151,150,111,2023-05-31 19:30:00
129,147,116,2023-05-31 19:30:00
136,131,122,2023-05-31 19:30:00
126,146,113,2023-05-31 19:30:00
133,144,120,2023-05-31 19:30:00
148,152,130,2023-05-31 19:30:00
143,125,126,2023-05-31 19:30:00
137,140,47,2023-05-31 19:30:00
145,132,128,2023-05-31 19:30:00
128,141,115,2023-05-31 19:30:00
130,149,117,2023-05-31 19:30:00
137,142,47,2023-06-03 13:30:00
151,135,111,2023-06-03 15:30:00
148,146,130,2023-06-03 19:30:00
150,147,132,2023-06-03 19:30:00
133,126,120,2023-06-03 19:30:00
136,152,122,2023-06-03 19:30:00
144,134,127,2023-06-03 19:30:00
128,130,115,2023-06-03 19:30:00
131,140,118,2023-06-03 19:30:00
149,139,131,2023-06-03 19:30:00
125,129,112,2023-06-03 19:30:00
143,145,126,2023-06-03 19:30:00
153,141,133,2023-06-03 19:30:00
127,138,114,2023-06-07 19:30:00
149,153,131,2023-06-07 19:30:00
152,137,33,2023-06-10 19:30:00
138,126,49,2023-06-10 19:30:00
146,125,129,2023-06-10 19:30:00
129,139,116,2023-06-10 19:30:00
134,131,121,2023-06-10 19:30:00
135,133,39,2023-06-10 19:30:00
153,132,133,2023-06-11 12:00:00
141,127,124,2023-06-10 19:30:00
140,148,123,2023-06-10 19:30:00
128,150,115,2023-06-10 19:30:00
147,136,56,2023-06-10 19:30:00
130,143,117,2023-06-10 19:30:00
145,151,128,2023-06-10 19:30:00
142,149,125,2023-06-11 19:00:00
127,141,114,2023-06-14 19:30:00
151,136,111,2023-06-17 15:30:00
126,145,113,2023-06-17 19:30:00
135,134,39,2023-06-17 19:30:00
139,153,51,2023-06-17 19:30:00
140,142,123,2023-06-17 19:30:00
130,127,117,2023-06-17 19:30:00
144,152,127,2023-06-21 19:30:00
138,151,49,2023-06-21 19:30:00
134,148,121,2023-06-21 19:30:00
150,129,132,2023-06-21 19:30:00
146,139,129,2023-06-21 19:30:00
132,130,119,2023-06-21 19:30:00
141,140,124,2023-06-21 19:30:00
142,147,125,2023-06-21 19:30:00
127,137,114,2023-06-21 19:30:00
153,145,133,2023-06-21 19:30:00
143,149,126,2023-06-21 20:30:00
126,150,113,2023-06-24 19:30:00
144,138,127,2023-06-24 19:30:00
135,129,39,2023-06-24 19:30:00
136,139,122,2023-06-24 19:30:00
152,146,33,2023-06-24 19:30:00
148,133,130,2023-06-24 19:30:00
142,151,125,2023-06-24 19:30:00
137,134,47,2023-06-24 19:30:00
127,128,114,2023-06-24 19:30:00
145,125,128,2023-06-24 19:30:00
131,132,118,2023-06-24 19:30:00
130,147,117,2023-06-24 19:30:00
140,153,123,2023-06-24 19:30:00
143,141,126,2023-06-24 20:30:00
150,135,132,2023-07-01 19:30:00
129,145,116,2023-07-01 19:30:00
146,151,129,2023-07-01 19:30:00
134,147,121,2023-07-01 19:30:00
136,144,122,2023-07-01 19:30:00
133,143,120,2023-07-01 19:30:00
138,148,49,2023-07-02 16:00:00
137,141,47,2023-07-01 19:30:00
139,126,51,2023-07-01 19:30:00
140,132,123,2023-07-01 19:30:00
130,128,117,2023-07-01 19:30:00
125,142,112,2023-07-01 19:30:00
153,131,133,2023-07-01 19:30:00
149,127,131,2023-07-01 19:30:00
133,136,120,2023-07-04 19:30:00
134,129,121,2023-07-04 19:30:00
151,152,111,2023-07-05 19:30:00
132,127,119,2023-07-04 19:30:00
149,126,131,2023-07-04 19:30:00
129,153,116,2023-07-08 19:30:00
136,151,122,2023-07-08 19:30:00
144,135,127,2023-07-08 19:30:00
146,138,129,2023-07-08 19:30:00
126,133,113,2023-07-08 19:30:00
152,150,33,2023-07-08 19:30:00
127,140,114,2023-07-08 19:30:00
132,148,119,2023-07-08 19:30:00
125,143,112,2023-07-08 19:30:00
145,134,128,2023-07-08 19:30:00
131,149,118,2023-07-08 19:30:00
141,130,124,2023-07-08 19:30:00
147,139,56,2023-07-08 19:30:00
128,137,115,2023-07-08 19:30:00
144,150,127,2023-07-12 19:30:00
135,138,39,2023-07-12 19:30:00
131,142,118,2023-07-12 19:00:00
128,143,115,2023-07-12 19:30:00
140,137,123,2023-07-12 19:30:00
130,145,117,2023-07-12 19:30:00
147,146,56,2023-07-12 19:30:00
141,125,124,2023-07-12 19:30:00
127,153,114,2023-07-12 19:30:00
139,148,51,2023-07-12 19:30:00
150,139,132,2023-07-15 19:30:00
146,152,129,2023-07-15 19:30:00
138,134,49,2023-07-15 19:30:00
135,126,39,2023-07-15 19:30:00
148,151,130,2023-07-15 19:30:00
137,149,47,2023-07-15 19:30:00
145,144,128,2023-07-15 19:30:00
125,127,112,2023-07-15 19:30:00
153,133,133,2023-07-15 19:30:00
131,141,118,2023-07-15 19:30:00
128,132,115,2023-07-15 19:30:00
147,129,56,2023-07-15 19:30:00
142,136,125,2023-07-15 19:30:00
143,130,126,2023-07-15 20:30:00
136,150,122,2023-08-20 19:30:00
129,146,116,2023-08-20 19:30:00
144,126,127,2023-08-20 19:30:00
151,125,111,2023-08-20 19:30:00
137,138,47,2023-08-20 19:30:00
141,142,124,2023-08-20 19:30:00
147,134,56,2023-08-20 19:30:00
128,140,115,2023-08-20 19:30:00
153,143,133,2023-08-20 20:30:00
127,131,114,2023-08-23 19:30:00
144,133,127,2023-08-26 19:30:00
150,151,132,2023-08-26 19:30:00
136,129,122,2023-08-26 19:30:00
134,153,121,2023-08-26 19:30:00
146,135,129,2023-08-26 19:30:00
152,127,33,2023-08-26 19:30:00
126,148,113,2023-08-26 19:30:00
138,139,49,2023-08-26 19:30:00
125,137,112,2023-08-27 15:30:00
142,128,125,2023-08-26 19:30:00
130,140,117,2023-08-26 19:30:00
132,147,119,2023-08-26 19:30:00
149,143,131,2023-08-26 19:30:00
145,141,128,2023-08-26 19:30:00
133,139,120,2023-08-30 19:30:00
129,148,116,2023-08-30 19:30:00
152,134,33,2023-08-30 19:30:00
151,146,111,2023-08-30 19:30:00
135,144,39,2023-08-30 19:30:00
138,150,49,2023-08-30 19:30:00
143,137,126,2023-08-30 19:30:00
142,145,125,2023-08-30 19:30:00
141,136,124,2023-08-30 19:30:00
125,131,112,2023-08-30 19:30:00
153,149,133,2023-08-30 19:30:00
147,128,56,2023-08-30 19:30:00
140,132,123,2023-08-30 19:30:00
151,128,111,2023-09-02 15:30:00
146,136,129,2023-09-02 19:30:00
126,147,113,2023-09-02 19:30:00
150,134,132,2023-09-02 19:30:00
135,143,39,2023-09-02 19:30:00
149,138,131,2023-09-02 19:30:00
132,141,119,2023-09-02 19:30:00
130,153,117,2023-09-02 19:30:00
145,131,128,2023-09-02 19:30:00
140,125,123,2023-09-02 19:30:00
137,142,47,2023-09-02 19:30:00
148,144,130,2023-09-03 19:30:00
139,152,51,2023-09-02 19:30:00
127,133,114,2023-09-03 19:00:00
133,130,120,2023-09-09 19:30:00
126,140,113,2023-09-09 19:30:00
142,127,125,2023-09-09 19:30:00
125,135,112,2023-09-09 19:30:00
132,153,119,2023-09-10 17:00:00
151,144,111,2023-09-16 15:30:00
138,133,49,2023-09-16 17:00:00
134,136,121,2023-09-16 19:30:00
129,128,116,2023-09-16 19:30:00
148,150,130,2023-09-16 19:30:00
152,126,33,2023-09-16 19:30:00
146,147,129,2023-09-16 19:30:00
140,145,123,2023-09-16 19:30:00
149,137,131,2023-09-16 19:30:00
127,132,114,2023-09-16 19:30:00
125,130,112,2023-09-16 19:30:00
131,135,118,2023-09-16 19:30:00
141,153,124,2023-09-16 19:30:00
143,142,126,2023-09-17 19:30:00
146,150,129,2023-09-20 19:30:00
152,148,33,2023-09-20 19:30:00
144,143,127,2023-09-20 19:30:00
136,147,122,2023-09-20 19:30:00
126,138,113,2023-09-20 19:30:00
151,134,111,2023-09-20 19:30:00
133,129,120,2023-09-20 19:30:00
142,140,125,2023-09-20 19:30:00
145,149,128,2023-09-20 19:30:00
141,128,124,2023-09-20 19:30:00
130,139,117,2023-09-20 19:30:00
132,125,119,2023-09-20 19:30:00
153,127,133,2023-09-20 19:30:00
131,137,118,2023-09-20 19:30:00
151,129,111,2023-09-23 19:30:00
138,146,49,2023-09-23 19:30:00
150,152,132,2023-09-23 19:30:00
126,144,113,2023-09-23 19:30:00
148,127,130,2023-09-23 19:30:00
134,133,121,2023-09-24 19:30:00
149,136,131,2023-09-23 19:30:00
147,135,56,2023-09-23 19:30:00
145,128,128,2023-09-23 19:30:00
130,141,117,2023-09-23 19:30:00
140,139,123,2023-09-23 19:30:00
125,153,112,2023-09-23 19:30:00
142,131,125,2023-09-23 19:30:00
143,132,126,2023-09-24 20:30:00
148,149,130,2023-09-27 19:30:00
131,128,118,2023-09-27 19:30:00
133,151,120,2023-09-30 19:30:00
135,152,39,2023-09-30 19:30:00
134,146,121,2023-09-30 19:30:00
136,148,122,2023-09-30 19:30:00
129,150,116,2023-09-30 19:30:00
144,147,127,2023-09-30 19:30:00
128,126,115,2023-09-30 19:30:00
139,137,51,2023-09-30 19:30:00
131,143,118,2023-09-30 19:30:00
132,142,119,2023-09-30 19:30:00
125,140,112,2023-09-30 19:30:00
141,149,124,2023-09-30 19:30:00
153,130,133,2023-09-30 19:30:00
127,145,114,2023-10-01 17:00:00
146,141,129,2023-10-04 19:30:00
152,129,33,2023-10-04 19:30:00
150,144,132,2023-10-04 19:30:00
148,138,130,2023-10-04 19:30:00
135,136,39,2023-10-04 19:30:00
147,133,56,2023-10-04 19:30:00
137,132,47,2023-10-04 19:30:00
128,153,115,2023-10-04 19:30:00
149,131,131,2023-10-04 19:30:00
139,134,51,2023-10-04 19:30:00
143,126,126,2023-10-04 19:30:00
127,125,114,2023-10-04 19:30:00
146,142,129,2023-10-07 19:30:00
126,151,113,2023-10-07 19:30:00
144,129,127,2023-10-07 19:30:00
148,139,130,2023-10-07 19:30:00
138,136,49,2023-10-07 19:30:00
134,135,121,2023-10-07 19:30:00
133,150,120,2023-10-07 19:30:00
143,127,126,2023-10-07 19:30:00
125,132,112,2023-10-07 19:30:00
149,140,131,2023-10-07 19:30:00
147,152,56,2023-10-07 19:30:00
145,130,128,2023-10-07 19:30:00
141,131,124,2023-10-07 19:30:00
137,128,47,2023-10-07 19:30:00
139,135,51,2023-10-14 19:30:00
132,145,119,2023-10-14 19:30:00
133,152,120,2023-10-18 20:00:00
139,144,51,2023-10-21 17:00:00
129,134,116,2023-10-21 18:00:00
135,148,39,2023-10-21 18:00:00
136,146,122,2023-10-21 18:00:00
151,147,111,2023-10-21 18:00:00
152,133,33,2023-10-21 18:00:00
150,138,132,2023-10-21 18:00:00
140,143,123,2023-10-21 18:00:00
132,149,119,2023-10-21 18:00:00
142,141,125,2023-10-21 18:00:00
128,127,115,2023-10-21 18:00:00
131,145,118,2023-10-21 19:00:00
153,137,133,2023-10-21 20:00:00
130,125,117,2023-10-21 20:00:00
