,event_date,event_time_cst,home_id,away_id,venue_id
0,03/30/2023,12:05 PM,111,122,98
1,03/30/2023,12:05 PM,124,113,111
2,03/30/2023,01:10 PM,104,114,91
3,03/30/2023,01:20 PM,123,95,110
4,03/30/2023,02:10 PM,121,101,108
5,03/30/2023,03:05 PM,105,100,92
6,03/30/2023,03:10 PM,106,116,93
7,03/30/2023,03:10 PM,97,118,84
8,03/30/2023,03:10 PM,108,120,95
9,03/30/2023,03:10 PM,109,99,96
10,03/30/2023,06:08 PM,110,107,97
11,03/31/2023,08:40 PM,115,102,102
12,03/31/2023,09:07 PM,112,96,99
13,03/31/2023,09:10 PM,103,98,90
14,03/31/2023,09:10 PM,119,117,106
15,03/31/2023,05:40 PM,109,99,96
16,04/01/2023,07:10 PM,110,107,97
17,04/01/2023,08:40 PM,115,102,102
18,04/01/2023,09:10 PM,103,98,90
19,04/01/2023,09:10 PM,119,117,106
20,04/01/2023,01:10 PM,110,107,97
21,04/01/2023,01:15 PM,97,118,84
22,04/01/2023,01:20 PM,123,95,110
23,04/01/2023,03:05 PM,105,100,92
24,04/01/2023,03:05 PM,111,122,98
25,04/01/2023,03:05 PM,124,113,111
26,04/01/2023,03:07 PM,112,96,99
27,04/01/2023,03:10 PM,104,114,91
28,04/01/2023,03:10 PM,106,116,93
29,04/01/2023,03:10 PM,121,101,108
30,04/01/2023,03:10 PM,108,120,95
31,04/01/2023,03:10 PM,109,99,96
32,04/02/2023,07:40 PM,115,102,102
33,04/02/2023,08:10 PM,103,98,90
34,04/02/2023,08:40 PM,119,117,106
35,04/02/2023,12:10 PM,121,101,108
36,04/02/2023,12:35 PM,104,114,91
37,04/02/2023,12:35 PM,111,122,98
38,04/02/2023,12:35 PM,124,113,111
39,04/02/2023,12:40 PM,106,116,93
40,04/02/2023,12:40 PM,109,99,96
41,04/02/2023,01:10 PM,108,120,95
42,04/02/2023,01:10 PM,110,107,97
43,04/02/2023,01:15 PM,97,118,84
44,04/02/2023,01:20 PM,123,95,110
45,04/02/2023,03:07 PM,112,96,99
46,04/02/2023,03:10 PM,103,98,90
47,04/02/2023,03:10 PM,115,102,102
48,04/02/2023,03:10 PM,119,117,106
49,04/02/2023,06:08 PM,105,100,92
50,04/03/2023,01:10 PM,95,99,82
51,04/03/2023,02:10 PM,107,113,94
52,04/03/2023,05:40 PM,106,123,93
53,04/03/2023,05:40 PM,109,120,96
54,04/03/2023,06:05 PM,111,121,98
55,04/03/2023,06:05 PM,124,100,111
56,04/03/2023,06:10 PM,104,116,91
57,04/03/2023,06:40 PM,108,118,95
58,04/03/2023,06:45 PM,97,122,84
59,04/04/2023,07:05 PM,105,114,92
60,04/04/2023,07:10 PM,110,101,97
61,04/04/2023,08:40 PM,112,117,99
62,04/04/2023,08:40 PM,115,98,102
63,04/04/2023,08:40 PM,119,96,106
64,04/04/2023,09:10 PM,103,102,90
65,04/04/2023,03:10 PM,115,98,102
66,04/04/2023,05:40 PM,106,123,93
67,04/04/2023,05:40 PM,109,120,96
68,04/04/2023,06:05 PM,111,121,98
69,04/04/2023,06:05 PM,124,100,111
70,04/04/2023,06:10 PM,104,116,91
71,04/04/2023,06:40 PM,108,118,95
72,04/04/2023,06:40 PM,95,99,82
73,04/04/2023,06:45 PM,97,122,84
74,04/05/2023,07:05 PM,105,114,92
75,04/05/2023,07:10 PM,110,101,97
76,04/05/2023,08:40 PM,112,117,99
77,04/05/2023,08:40 PM,119,96,106
78,04/05/2023,09:10 PM,103,102,90
79,04/05/2023,12:05 PM,111,121,98
80,04/05/2023,12:05 PM,124,100,111
81,04/05/2023,12:10 PM,109,120,96
82,04/05/2023,12:15 PM,97,122,84
83,04/05/2023,12:35 PM,104,116,91
84,04/05/2023,12:40 PM,95,99,82
85,04/05/2023,01:05 PM,105,114,92
86,04/05/2023,01:10 PM,107,113,94
87,04/05/2023,01:10 PM,110,101,97
88,04/05/2023,02:37 PM,112,117,99
89,04/05/2023,03:10 PM,119,96,106
90,04/05/2023,06:40 PM,108,118,95
91,04/06/2023,12:10 PM,101,104,88
92,04/06/2023,01:10 PM,108,118,95
93,04/06/2023,01:10 PM,107,113,94
94,04/06/2023,03:10 PM,102,111,89
95,04/06/2023,06:20 PM,122,115,109
96,04/07/2023,09:10 PM,98,103,85
97,04/07/2023,12:10 PM,99,109,86
98,04/07/2023,01:20 PM,123,105,110
99,04/07/2023,02:05 PM,100,106,87
100,04/07/2023,02:05 PM,114,124,101
101,04/07/2023,03:10 PM,120,110,107
102,04/07/2023,03:10 PM,117,119,104
103,04/07/2023,03:12 PM,116,107,103
104,04/07/2023,03:35 PM,113,108,100
105,04/07/2023,05:40 PM,121,112,108
106,04/07/2023,06:20 PM,122,115,109
107,04/08/2023,07:10 PM,95,97,82
108,04/08/2023,07:40 PM,102,111,89
109,04/08/2023,08:38 PM,96,118,83
110,04/08/2023,08:40 PM,98,103,85
111,04/08/2023,01:10 PM,120,110,107
112,04/08/2023,03:05 PM,113,108,100
113,04/08/2023,03:05 PM,123,105,110
114,04/08/2023,03:05 PM,100,106,87
115,04/08/2023,03:10 PM,101,104,88
116,04/08/2023,03:10 PM,121,112,108
117,04/08/2023,03:10 PM,99,109,86
118,04/08/2023,05:10 PM,117,119,104
119,04/08/2023,05:35 PM,116,107,103
120,04/08/2023,06:05 PM,114,124,101
121,04/08/2023,06:10 PM,95,97,82
122,04/08/2023,06:20 PM,122,115,109
123,04/09/2023,07:10 PM,98,103,85
124,04/09/2023,07:10 PM,102,111,89
125,04/09/2023,08:07 PM,96,118,83
126,04/09/2023,12:05 PM,100,106,87
127,04/09/2023,12:10 PM,101,104,88
128,04/09/2023,12:10 PM,121,112,108
129,04/09/2023,12:35 PM,116,107,103
130,04/09/2023,12:35 PM,114,124,101
131,04/09/2023,12:40 PM,117,119,104
132,04/09/2023,12:40 PM,99,109,86
133,04/09/2023,01:10 PM,120,110,107
134,04/09/2023,01:10 PM,95,97,82
135,04/09/2023,01:20 PM,123,105,110
136,04/09/2023,02:10 PM,102,111,89
137,04/09/2023,03:05 PM,113,108,100
138,04/09/2023,03:07 PM,96,118,83
139,04/09/2023,03:10 PM,98,103,85
140,04/09/2023,06:10 PM,122,115,109
141,04/10/2023,01:10 PM,120,107,107
142,04/10/2023,05:10 PM,117,124,104
143,04/10/2023,05:35 PM,114,112,101
144,04/10/2023,05:35 PM,116,110,103
145,04/10/2023,05:40 PM,121,104,108
146,04/10/2023,05:40 PM,100,109,87
147,04/10/2023,06:10 PM,99,115,86
148,04/10/2023,06:20 PM,122,106,109
149,04/10/2023,06:40 PM,123,119,110
150,04/11/2023,07:05 PM,105,108,92
151,04/11/2023,07:40 PM,102,97,89
152,04/11/2023,08:38 PM,96,111,83
153,04/11/2023,08:40 PM,98,95,85
154,04/11/2023,08:45 PM,113,103,100
155,04/11/2023,05:10 PM,117,124,104
156,04/11/2023,05:35 PM,114,112,101
157,04/11/2023,05:35 PM,116,110,103
158,04/11/2023,05:40 PM,121,104,108
159,04/11/2023,05:40 PM,100,109,87
160,04/11/2023,06:07 PM,118,101,105
161,04/11/2023,06:10 PM,99,115,86
162,04/11/2023,06:20 PM,122,106,109
163,04/11/2023,06:40 PM,123,119,110
164,04/11/2023,06:40 PM,120,107,107
165,04/12/2023,07:05 PM,105,108,92
166,04/12/2023,07:40 PM,102,97,89
167,04/12/2023,08:38 PM,96,111,83
168,04/12/2023,08:40 PM,98,95,85
169,04/12/2023,08:45 PM,113,103,100
170,04/12/2023,11:35 AM,116,110,103
171,04/12/2023,12:10 PM,99,115,86
172,04/12/2023,12:10 PM,120,107,107
173,04/12/2023,12:10 PM,117,124,104
174,04/12/2023,01:20 PM,123,119,110
175,04/12/2023,02:10 PM,102,97,89
176,04/12/2023,02:40 PM,98,95,85
177,04/12/2023,03:05 PM,100,109,87
178,04/12/2023,03:07 PM,96,111,83
179,04/12/2023,05:35 PM,114,112,101
180,04/12/2023,05:40 PM,121,104,108
181,04/12/2023,06:07 PM,118,101,105
182,04/12/2023,06:20 PM,122,106,109
183,04/13/2023,07:05 PM,105,108,92
184,04/13/2023,08:45 PM,113,103,100
185,04/13/2023,12:05 PM,114,112,101
186,04/13/2023,12:10 PM,121,104,108
187,04/13/2023,05:40 PM,106,100,93
188,04/13/2023,06:05 PM,124,120,111
189,04/13/2023,06:07 PM,118,101,105
190,04/13/2023,06:45 PM,97,116,84
191,04/14/2023,08:40 PM,115,95,102
192,04/14/2023,05:40 PM,101,113,88
193,04/14/2023,05:40 PM,106,100,93
194,04/14/2023,05:40 PM,109,98,96
195,04/14/2023,06:05 PM,111,117,98
196,04/14/2023,06:05 PM,124,120,111
197,04/14/2023,06:07 PM,118,121,105
198,04/14/2023,06:10 PM,104,96,91
199,04/14/2023,06:10 PM,107,114,94
200,04/15/2023,07:10 PM,110,105,97
201,04/15/2023,07:10 PM,108,122,95
202,04/15/2023,07:15 PM,97,116,84
203,04/15/2023,08:40 PM,112,99,99
204,04/15/2023,08:40 PM,115,95,102
205,04/15/2023,09:10 PM,103,123,90
206,04/15/2023,09:10 PM,119,102,106
207,04/15/2023,12:05 PM,124,120,111
208,04/15/2023,12:10 PM,101,113,88
209,04/15/2023,01:10 PM,107,114,94
210,04/15/2023,01:15 PM,97,116,84
211,04/15/2023,02:07 PM,118,121,105
212,04/15/2023,03:05 PM,111,117,98
213,04/15/2023,03:05 PM,115,95,102
214,04/15/2023,03:07 PM,112,99,99
215,04/15/2023,03:10 PM,104,96,91
216,04/15/2023,03:10 PM,106,100,93
217,04/15/2023,03:10 PM,108,122,95
218,04/15/2023,03:10 PM,109,98,96
219,04/15/2023,06:10 PM,110,105,97
220,04/16/2023,08:10 PM,103,123,90
221,04/16/2023,08:40 PM,119,102,106
222,04/16/2023,12:35 PM,104,96,91
223,04/16/2023,12:35 PM,111,117,98
224,04/16/2023,12:35 PM,124,120,111
225,04/16/2023,12:37 PM,118,121,105
226,04/16/2023,12:40 PM,106,100,93
227,04/16/2023,12:40 PM,109,98,96
228,04/16/2023,01:10 PM,108,122,95
229,04/16/2023,01:10 PM,107,114,94
230,04/16/2023,01:15 PM,97,116,84
231,04/16/2023,03:07 PM,112,99,99
232,04/16/2023,03:10 PM,103,123,90
233,04/16/2023,03:10 PM,119,102,106
234,04/16/2023,03:10 PM,115,95,102
235,04/16/2023,06:10 PM,110,105,97
236,04/17/2023,10:10 AM,104,96,91
237,04/17/2023,05:40 PM,106,121,93
238,04/17/2023,05:40 PM,109,113,96
239,04/17/2023,06:40 PM,108,105,95
240,04/17/2023,06:45 PM,97,98,84
241,04/18/2023,07:10 PM,110,118,97
242,04/18/2023,07:40 PM,102,116,89
243,04/18/2023,08:40 PM,112,123,99
244,04/18/2023,08:40 PM,115,122,102
245,04/18/2023,08:40 PM,119,95,106
246,04/18/2023,09:10 PM,103,99,90
247,04/18/2023,12:10 PM,101,117,88
248,04/18/2023,12:15 PM,101,117,88
249,04/18/2023,03:10 PM,107,100,94
250,04/18/2023,03:15 PM,107,100,94
251,04/18/2023,05:40 PM,106,121,93
252,04/18/2023,05:40 PM,109,113,96
253,04/18/2023,06:05 PM,111,114,98
254,04/18/2023,06:05 PM,124,96,111
255,04/18/2023,06:10 PM,104,120,91
256,04/18/2023,06:40 PM,108,105,95
257,04/18/2023,06:45 PM,97,98,84
258,04/19/2023,07:10 PM,110,118,97
259,04/19/2023,07:40 PM,102,116,89
260,04/19/2023,08:40 PM,112,123,99
261,04/19/2023,08:40 PM,115,122,102
262,04/19/2023,08:40 PM,119,95,106
263,04/19/2023,09:10 PM,103,99,90
264,04/19/2023,11:35 AM,106,121,93
265,04/19/2023,12:10 PM,101,117,88
266,04/19/2023,12:10 PM,109,113,96
267,04/19/2023,12:15 PM,97,98,84
268,04/19/2023,01:10 PM,108,105,95
269,04/19/2023,01:10 PM,107,100,94
270,04/19/2023,02:10 PM,103,99,90
271,04/19/2023,02:10 PM,102,116,89
272,04/19/2023,02:37 PM,112,123,99
273,04/19/2023,03:10 PM,115,122,102
274,04/19/2023,03:10 PM,119,95,106
275,04/19/2023,06:05 PM,111,114,98
276,04/19/2023,06:05 PM,124,96,111
277,04/19/2023,06:10 PM,104,120,91
278,04/20/2023,07:10 PM,110,118,97
279,04/20/2023,12:35 PM,104,120,91
280,04/20/2023,03:05 PM,124,96,111
281,04/20/2023,05:35 PM,116,106,103
282,04/20/2023,05:40 PM,100,102,87
283,04/20/2023,06:40 PM,123,103,110
284,04/21/2023,08:40 PM,98,115,85
285,04/21/2023,08:45 PM,113,99,100
286,04/21/2023,01:20 PM,123,103,110
287,04/21/2023,05:35 PM,116,106,103
288,04/21/2023,05:40 PM,121,107,108
289,04/21/2023,06:05 PM,114,101,101
290,04/21/2023,06:05 PM,100,102,87
291,04/21/2023,06:05 PM,124,118,111
292,04/21/2023,06:20 PM,122,110,109
293,04/22/2023,07:05 PM,105,112,92
294,04/22/2023,07:10 PM,120,111,107
295,04/22/2023,07:10 PM,95,104,82
296,04/22/2023,08:38 PM,96,108,83
297,04/22/2023,08:40 PM,98,115,85
298,04/22/2023,09:10 PM,119,97,106
299,04/22/2023,09:15 PM,113,99,100
300,04/22/2023,12:05 PM,124,118,111
301,04/22/2023,01:10 PM,120,111,107
302,04/22/2023,01:20 PM,123,103,110
303,04/22/2023,02:05 PM,100,102,87
304,04/22/2023,02:10 PM,117,109,104
305,04/22/2023,02:15 PM,117,109,104
306,04/22/2023,03:05 PM,113,99,100
307,04/22/2023,03:05 PM,121,107,108
308,04/22/2023,05:35 PM,116,106,103
309,04/22/2023,06:05 PM,114,101,101
310,04/22/2023,06:05 PM,105,112,92
311,04/22/2023,06:10 PM,95,104,82
312,04/22/2023,06:20 PM,122,110,109
313,04/23/2023,07:10 PM,98,115,85
314,04/23/2023,08:07 PM,96,108,83
315,04/23/2023,08:40 PM,119,97,106
316,04/23/2023,11:05 AM,100,102,87
317,04/23/2023,12:35 PM,122,110,109
318,04/23/2023,12:35 PM,114,101,101
319,04/23/2023,12:35 PM,116,106,103
320,04/23/2023,12:35 PM,124,118,111
321,04/23/2023,12:40 PM,121,107,108
322,04/23/2023,12:40 PM,117,109,104
323,04/23/2023,01:10 PM,120,111,107
324,04/23/2023,01:10 PM,95,104,82
325,04/23/2023,01:20 PM,123,103,110
326,04/23/2023,01:35 PM,105,112,92
327,04/23/2023,03:07 PM,96,108,83
328,04/23/2023,03:10 PM,98,115,85
329,04/23/2023,03:10 PM,119,97,106
330,04/23/2023,06:10 PM,113,99,100
331,04/24/2023,05:10 PM,117,102,104
332,04/24/2023,05:35 PM,114,104,101
333,04/24/2023,05:40 PM,121,110,108
334,04/24/2023,05:40 PM,106,105,93
335,04/24/2023,06:07 PM,118,107,105
336,04/24/2023,06:20 PM,122,109,109
337,04/24/2023,06:40 PM,120,124,107
338,04/24/2023,06:40 PM,95,101,82
339,04/25/2023,08:38 PM,96,112,83
340,04/25/2023,08:40 PM,98,108,85
341,04/25/2023,08:45 PM,113,97,100
342,04/25/2023,05:10 PM,117,102,104
343,04/25/2023,05:35 PM,114,104,101
344,04/25/2023,05:35 PM,116,103,103
345,04/25/2023,05:40 PM,121,110,108
346,04/25/2023,05:40 PM,106,105,93
347,04/25/2023,05:40 PM,100,119,87
348,04/25/2023,06:07 PM,118,107,105
349,04/25/2023,06:10 PM,99,111,86
350,04/25/2023,06:20 PM,122,109,109
351,04/25/2023,06:40 PM,123,115,110
352,04/25/2023,06:40 PM,120,124,107
353,04/25/2023,06:40 PM,95,101,82
354,04/26/2023,08:38 PM,96,112,83
355,04/26/2023,08:40 PM,98,108,85
356,04/26/2023,08:45 PM,113,97,100
357,04/26/2023,11:35 AM,106,105,93
358,04/26/2023,12:05 PM,114,104,101
359,04/26/2023,12:07 PM,118,107,105
360,04/26/2023,12:10 PM,117,102,104
361,04/26/2023,12:10 PM,120,124,107
362,04/26/2023,12:40 PM,95,101,82
363,04/26/2023,02:40 PM,98,108,85
364,04/26/2023,05:35 PM,116,103,103
365,04/26/2023,05:40 PM,121,110,108
366,04/26/2023,05:40 PM,100,119,87
367,04/26/2023,06:10 PM,99,111,86
368,04/26/2023,06:20 PM,122,109,109
369,04/26/2023,06:40 PM,123,115,110
370,04/27/2023,08:38 PM,96,112,83
371,04/27/2023,08:45 PM,113,97,100
372,04/27/2023,11:20 AM,122,109,109
373,04/27/2023,11:35 AM,116,103,103
374,04/27/2023,12:05 PM,100,119,87
375,04/27/2023,01:20 PM,123,115,110
376,04/27/2023,02:45 PM,113,97,100
377,04/27/2023,03:07 PM,96,112,83
378,04/27/2023,05:40 PM,101,114,88
379,04/27/2023,06:10 PM,99,111,86
380,04/27/2023,06:10 PM,107,121,94
381,04/27/2023,06:40 PM,120,108,107
382,04/28/2023,07:05 PM,105,124,92
383,04/28/2023,03:10 PM,120,108,107
384,04/28/2023,05:40 PM,109,123,96
385,04/28/2023,06:07 PM,118,119,105
386,04/28/2023,06:10 PM,104,117,91
387,04/28/2023,06:10 PM,99,122,86
388,04/28/2023,06:10 PM,107,121,94
389,04/29/2023,07:05 PM,105,124,92
390,04/29/2023,07:10 PM,110,100,97
391,04/29/2023,07:10 PM,95,96,82
392,04/29/2023,07:40 PM,102,98,89
393,04/29/2023,08:40 PM,112,106,99
394,04/29/2023,09:10 PM,103,97,90
395,04/29/2023,11:10 AM,101,114,88
396,04/29/2023,12:05 PM,111,116,98
397,04/29/2023,01:10 PM,120,108,107
398,04/29/2023,02:07 PM,118,119,105
399,04/29/2023,03:05 PM,109,123,96
400,04/29/2023,03:07 PM,112,106,99
401,04/29/2023,03:10 PM,104,117,91
402,04/29/2023,04:10 PM,101,114,88
403,04/29/2023,04:10 PM,110,100,97
404,04/29/2023,05:05 PM,111,116,98
405,04/29/2023,05:05 PM,115,113,102
406,04/29/2023,06:05 PM,105,124,92
407,04/29/2023,06:10 PM,107,121,94
408,04/29/2023,06:10 PM,95,96,82
409,04/30/2023,07:10 PM,102,98,89
410,04/30/2023,08:10 PM,103,97,90
411,04/30/2023,11:05 AM,109,123,96
412,04/30/2023,12:35 PM,104,117,91
413,04/30/2023,12:35 PM,111,116,98
414,04/30/2023,12:37 PM,118,119,105
415,04/30/2023,12:40 PM,101,114,88
416,04/30/2023,01:10 PM,120,108,107
417,04/30/2023,01:10 PM,107,121,94
418,04/30/2023,01:10 PM,95,96,82
419,04/30/2023,01:35 PM,105,124,92
420,04/30/2023,02:10 PM,102,98,89
421,04/30/2023,03:05 PM,115,113,102
422,04/30/2023,03:07 PM,112,106,99
423,04/30/2023,03:10 PM,103,97,90
424,04/30/2023,06:10 PM,110,100,97
425,05/01/2023,12:10 PM,99,122,86
426,05/01/2023,12:15 PM,99,122,86
427,05/01/2023,06:05 PM,111,123,98
428,05/01/2023,06:05 PM,124,117,111
429,05/01/2023,06:10 PM,104,118,91
430,05/02/2023,07:10 PM,110,113,97
431,05/02/2023,08:40 PM,115,106,102
432,05/02/2023,09:10 PM,103,100,90
433,05/02/2023,05:40 PM,121,116,108
434,05/02/2023,05:40 PM,109,122,96
435,05/02/2023,06:05 PM,111,123,98
436,05/02/2023,06:05 PM,124,117,111
437,05/02/2023,06:10 PM,104,118,91
438,05/02/2023,06:10 PM,107,120,94
439,05/02/2023,06:40 PM,108,114,95
440,05/02/2023,06:45 PM,97,96,84
441,05/03/2023,07:05 PM,105,98,92
442,05/03/2023,07:10 PM,110,113,97
443,05/03/2023,07:40 PM,102,95,89
444,05/03/2023,08:40 PM,115,106,102
445,05/03/2023,08:40 PM,112,119,99
446,05/03/2023,09:10 PM,103,100,90
447,05/03/2023,12:40 PM,101,99,88
448,05/03/2023,01:05 PM,105,98,92
449,05/03/2023,01:10 PM,110,113,97
450,05/03/2023,03:10 PM,115,106,102
451,05/03/2023,03:10 PM,103,100,90
452,05/03/2023,05:40 PM,101,99,88
453,05/03/2023,05:40 PM,121,116,108
454,05/03/2023,05:40 PM,109,122,96
455,05/03/2023,06:05 PM,111,123,98
456,05/03/2023,06:05 PM,124,117,111
457,05/03/2023,06:10 PM,104,118,91
458,05/03/2023,06:10 PM,107,120,94
459,05/03/2023,06:40 PM,108,114,95
460,05/03/2023,06:45 PM,97,96,84
461,05/04/2023,07:40 PM,102,95,89
462,05/04/2023,08:40 PM,112,119,99
463,05/04/2023,12:05 PM,111,123,98
464,05/04/2023,12:10 PM,101,99,88
465,05/04/2023,12:10 PM,121,116,108
466,05/04/2023,12:15 PM,97,96,84
467,05/04/2023,01:10 PM,108,114,95
468,05/04/2023,01:10 PM,107,120,94
469,05/04/2023,02:10 PM,102,95,89
470,05/04/2023,02:37 PM,112,119,99
471,05/04/2023,03:10 PM,109,122,96
472,05/04/2023,05:10 PM,104,118,91
473,05/05/2023,01:20 PM,123,109,110
474,05/05/2023,05:35 PM,116,118,103
475,05/05/2023,05:40 PM,106,107,93
476,05/05/2023,05:40 PM,121,124,108
477,05/05/2023,06:05 PM,100,104,87
478,05/05/2023,06:10 PM,99,102,86
479,05/05/2023,06:10 PM,117,120,104
480,05/05/2023,06:20 PM,122,114,109
481,05/06/2023,07:10 PM,108,112,95
482,05/06/2023,07:15 PM,97,101,84
483,05/06/2023,08:38 PM,96,105,83
484,05/06/2023,08:40 PM,98,111,85
485,05/06/2023,08:40 PM,115,103,102
486,05/06/2023,09:10 PM,119,110,106
487,05/06/2023,09:15 PM,113,95,100
488,05/06/2023,01:15 PM,97,101,84
489,05/06/2023,01:20 PM,123,109,110
490,05/06/2023,03:10 PM,99,102,86
491,05/06/2023,03:10 PM,121,124,108
492,05/06/2023,05:10 PM,117,120,104
493,05/06/2023,05:35 PM,116,118,103
494,05/06/2023,05:40 PM,106,107,93
495,05/06/2023,06:10 PM,108,112,95
496,05/06/2023,06:15 PM,100,104,87
497,05/06/2023,06:15 PM,122,114,109
498,05/06/2023,06:15 PM,113,95,100
499,05/07/2023,07:10 PM,98,111,85
500,05/07/2023,07:40 PM,115,103,102
501,05/07/2023,08:07 PM,96,105,83
502,05/07/2023,08:40 PM,119,110,106
503,05/07/2023,10:35 AM,122,114,109
504,05/07/2023,12:35 PM,116,118,103
505,05/07/2023,12:35 PM,100,104,87
506,05/07/2023,12:40 PM,99,102,86
507,05/07/2023,12:40 PM,117,120,104
508,05/07/2023,12:40 PM,121,124,108
509,05/07/2023,01:10 PM,108,112,95
510,05/07/2023,01:15 PM,97,101,84
511,05/07/2023,01:20 PM,123,109,110
512,05/07/2023,03:05 PM,113,95,100
513,05/07/2023,03:07 PM,96,105,83
514,05/07/2023,03:10 PM,98,111,85
515,05/07/2023,03:10 PM,119,110,106
516,05/07/2023,03:10 PM,106,107,93
517,05/07/2023,06:10 PM,115,103,102
518,05/08/2023,05:10 PM,117,101,104
519,05/08/2023,05:35 PM,116,102,103
520,05/08/2023,05:35 PM,114,121,101
521,05/08/2023,06:05 PM,124,112,111
522,05/08/2023,06:40 PM,123,97,110
523,05/08/2023,06:40 PM,108,107,95
524,05/08/2023,06:40 PM,95,103,82
525,05/09/2023,08:38 PM,96,110,83
526,05/09/2023,08:40 PM,119,105,106
527,05/09/2023,08:40 PM,98,109,85
528,05/09/2023,08:45 PM,113,111,100
529,05/09/2023,05:10 PM,117,101,104
530,05/09/2023,05:35 PM,116,102,103
531,05/09/2023,05:35 PM,114,121,101
532,05/09/2023,05:40 PM,106,99,93
533,05/09/2023,05:40 PM,100,118,87
534,05/09/2023,06:05 PM,124,112,111
535,05/09/2023,06:20 PM,122,104,109
536,05/09/2023,06:40 PM,123,97,110
537,05/09/2023,06:40 PM,120,115,107
538,05/09/2023,06:40 PM,108,107,95
539,05/09/2023,06:40 PM,95,103,82
540,05/10/2023,08:38 PM,96,110,83
541,05/10/2023,08:40 PM,119,105,106
542,05/10/2023,08:40 PM,98,109,85
543,05/10/2023,08:45 PM,113,111,100
544,05/10/2023,11:35 AM,116,102,103
545,05/10/2023,11:35 AM,124,112,111
546,05/10/2023,12:10 PM,117,101,104
547,05/10/2023,12:40 PM,95,103,82
548,05/10/2023,02:40 PM,119,105,106
549,05/10/2023,02:40 PM,98,109,85
550,05/10/2023,02:45 PM,113,111,100
551,05/10/2023,03:05 PM,100,118,87
552,05/10/2023,03:07 PM,96,110,83
553,05/10/2023,05:35 PM,114,121,101
554,05/10/2023,05:40 PM,106,99,93
555,05/10/2023,06:20 PM,122,104,109
556,05/10/2023,06:40 PM,123,97,110
557,05/10/2023,06:40 PM,120,115,107
558,05/10/2023,06:40 PM,108,107,95
559,05/11/2023,11:35 AM,106,99,93
560,05/11/2023,12:10 PM,120,115,107
561,05/11/2023,01:10 PM,108,107,95
562,05/11/2023,06:05 PM,124,121,111
563,05/12/2023,08:40 PM,98,113,85
564,05/12/2023,08:40 PM,112,105,99
565,05/12/2023,05:40 PM,101,119,88
566,05/12/2023,05:40 PM,109,106,96
567,05/12/2023,06:05 PM,111,99,98
568,05/12/2023,06:05 PM,114,116,101
569,05/12/2023,06:05 PM,124,121,111
570,05/12/2023,06:07 PM,118,122,105
571,05/12/2023,06:10 PM,117,96,104
572,05/12/2023,06:10 PM,104,97,91
573,05/13/2023,07:10 PM,120,123,107
574,05/13/2023,07:10 PM,107,110,94
575,05/13/2023,07:10 PM,95,108,82
576,05/13/2023,07:40 PM,102,100,89
577,05/13/2023,08:40 PM,98,113,85
578,05/13/2023,08:40 PM,112,105,99
579,05/13/2023,09:10 PM,103,115,90
580,05/13/2023,12:05 PM,124,121,111
581,05/13/2023,12:10 PM,101,119,88
582,05/13/2023,12:10 PM,109,106,96
583,05/13/2023,01:10 PM,120,123,107
584,05/13/2023,02:07 PM,118,122,105
585,05/13/2023,03:07 PM,112,105,99
586,05/13/2023,03:10 PM,104,97,91
587,05/13/2023,05:10 PM,117,96,104
588,05/13/2023,06:05 PM,114,116,101
589,05/13/2023,06:10 PM,95,108,82
590,05/13/2023,06:15 PM,103,115,90
591,05/13/2023,06:15 PM,107,110,94
592,05/14/2023,07:10 PM,98,113,85
593,05/14/2023,07:10 PM,102,100,89
594,05/14/2023,10:35 AM,117,96,104
595,05/14/2023,11:35 AM,111,99,98
596,05/14/2023,12:35 PM,114,116,101
597,05/14/2023,12:35 PM,124,121,111
598,05/14/2023,12:37 PM,118,122,105
599,05/14/2023,12:40 PM,101,119,88
600,05/14/2023,12:40 PM,109,106,96
601,05/14/2023,01:10 PM,120,123,107
602,05/14/2023,01:10 PM,107,110,94
603,05/14/2023,01:10 PM,95,108,82
604,05/14/2023,02:10 PM,102,100,89
605,05/14/2023,03:07 PM,112,105,99
606,05/14/2023,03:10 PM,103,115,90
607,05/14/2023,03:10 PM,98,113,85
608,05/14/2023,03:35 PM,111,99,98
609,05/14/2023,06:10 PM,104,97,91
610,05/15/2023,03:05 PM,111,99,98
611,05/15/2023,05:35 PM,114,96,101
612,05/15/2023,06:07 PM,118,124,105
613,05/15/2023,06:10 PM,104,119,91
614,05/15/2023,06:45 PM,97,95,84
615,05/16/2023,07:05 PM,105,122,92
616,05/16/2023,07:10 PM,110,123,97
617,05/16/2023,07:40 PM,102,106,89
618,05/16/2023,08:40 PM,112,98,99
619,05/16/2023,08:40 PM,115,108,102
620,05/16/2023,08:45 PM,113,100,100
621,05/16/2023,09:10 PM,103,120,90
622,05/16/2023,05:35 PM,114,96,101
623,05/16/2023,05:40 PM,101,116,88
624,05/16/2023,05:40 PM,109,111,96
625,05/16/2023,06:07 PM,118,124,105
626,05/16/2023,06:10 PM,104,119,91
627,05/16/2023,06:10 PM,99,121,86
628,05/16/2023,06:45 PM,97,95,84
629,05/17/2023,07:05 PM,105,122,92
630,05/17/2023,07:10 PM,110,123,97
631,05/17/2023,07:10 PM,107,117,94
632,05/17/2023,07:40 PM,102,106,89
633,05/17/2023,08:40 PM,112,98,99
634,05/17/2023,08:40 PM,115,108,102
635,05/17/2023,08:45 PM,113,100,100
636,05/17/2023,09:10 PM,103,120,90
637,05/17/2023,12:10 PM,101,116,88
638,05/17/2023,02:10 PM,102,106,89
639,05/17/2023,02:10 PM,103,120,90
640,05/17/2023,02:37 PM,112,98,99
641,05/17/2023,02:45 PM,113,100,100
642,05/17/2023,03:10 PM,115,108,102
643,05/17/2023,05:35 PM,114,96,101
644,05/17/2023,05:40 PM,109,111,96
645,05/17/2023,06:07 PM,118,124,105
646,05/17/2023,06:10 PM,104,119,91
647,05/17/2023,06:10 PM,99,121,86
648,05/17/2023,06:45 PM,97,95,84
649,05/18/2023,07:05 PM,105,122,92
650,05/18/2023,07:10 PM,110,123,97
651,05/18/2023,07:10 PM,107,117,94
652,05/18/2023,11:35 AM,114,96,101
653,05/18/2023,12:10 PM,99,121,86
654,05/18/2023,12:10 PM,109,111,96
655,05/18/2023,01:10 PM,107,117,94
656,05/18/2023,06:07 PM,118,124,105
657,05/18/2023,06:45 PM,97,103,84
658,05/19/2023,05:35 PM,116,98,103
659,05/19/2023,05:40 PM,106,124,93
660,05/19/2023,05:40 PM,121,95,108
661,05/19/2023,06:05 PM,111,101,98
662,05/19/2023,06:05 PM,100,123,87
663,05/19/2023,06:07 PM,118,114,105
664,05/19/2023,06:10 PM,99,117,86
665,05/19/2023,06:20 PM,122,119,109
666,05/20/2023,07:05 PM,105,102,92
667,05/20/2023,07:10 PM,110,112,97
668,05/20/2023,07:10 PM,107,108,94
669,05/20/2023,07:15 PM,97,103,84
670,05/20/2023,08:38 PM,96,120,83
671,05/20/2023,08:40 PM,115,104,102
672,05/20/2023,09:15 PM,113,109,100
673,05/20/2023,01:10 PM,107,108,94
674,05/20/2023,02:07 PM,118,114,105
675,05/20/2023,03:05 PM,111,101,98
676,05/20/2023,03:05 PM,116,98,103
677,05/20/2023,03:05 PM,105,102,92
678,05/20/2023,03:05 PM,100,123,87
679,05/20/2023,03:05 PM,113,109,100
680,05/20/2023,03:10 PM,110,112,97
681,05/20/2023,03:10 PM,106,124,93
682,05/20/2023,03:10 PM,121,95,108
683,05/20/2023,06:15 PM,97,103,84
684,05/20/2023,06:15 PM,122,119,109
685,05/21/2023,09:07 PM,96,120,83
686,05/21/2023,09:10 PM,115,104,102
687,05/21/2023,10:35 AM,106,124,93
688,05/21/2023,12:35 PM,122,119,109
689,05/21/2023,12:35 PM,111,101,98
690,05/21/2023,12:35 PM,116,98,103
691,05/21/2023,12:35 PM,100,123,87
692,05/21/2023,12:37 PM,118,114,105
693,05/21/2023,12:40 PM,99,117,86
694,05/21/2023,12:40 PM,121,95,108
695,05/21/2023,01:10 PM,110,112,97
696,05/21/2023,01:10 PM,107,108,94
697,05/21/2023,01:15 PM,97,103,84
698,05/21/2023,01:35 PM,105,102,92
699,05/21/2023,03:05 PM,113,109,100
700,05/21/2023,03:07 PM,96,120,83
701,05/21/2023,03:10 PM,115,104,102
702,05/21/2023,06:10 PM,99,117,86
703,05/22/2023,05:10 PM,117,107,104
704,05/22/2023,05:35 PM,116,105,103
705,05/22/2023,05:40 PM,106,97,93
706,05/22/2023,05:40 PM,121,118,108
707,05/22/2023,05:40 PM,100,98,87
708,05/22/2023,06:20 PM,122,103,109
709,05/22/2023,06:40 PM,108,101,95
710,05/22/2023,06:40 PM,120,113,107
711,05/22/2023,06:40 PM,95,110,82
712,05/23/2023,07:40 PM,102,109,89
713,05/23/2023,08:38 PM,96,104,83
714,05/23/2023,08:40 PM,119,112,106
715,05/23/2023,05:10 PM,117,107,104
716,05/23/2023,05:35 PM,116,105,103
717,05/23/2023,05:40 PM,106,97,93
718,05/23/2023,05:40 PM,121,118,108
719,05/23/2023,05:40 PM,100,98,87
720,05/23/2023,06:05 PM,111,115,98
721,05/23/2023,06:05 PM,124,114,111
722,05/23/2023,06:20 PM,122,103,109
723,05/23/2023,06:40 PM,108,101,95
724,05/23/2023,06:40 PM,123,99,110
725,05/23/2023,06:40 PM,120,113,107
726,05/23/2023,06:40 PM,95,110,82
727,05/24/2023,07:40 PM,102,109,89
728,05/24/2023,08:38 PM,96,104,83
729,05/24/2023,08:40 PM,119,112,106
730,05/24/2023,11:35 AM,116,105,103
731,05/24/2023,12:05 PM,100,98,87
732,05/24/2023,12:10 PM,120,113,107
733,05/24/2023,12:10 PM,117,107,104
734,05/24/2023,12:10 PM,95,110,82
735,05/24/2023,05:40 PM,106,97,93
736,05/24/2023,05:40 PM,121,118,108
737,05/24/2023,06:05 PM,111,115,98
738,05/24/2023,06:05 PM,124,114,111
739,05/24/2023,06:20 PM,122,103,109
740,05/24/2023,06:40 PM,108,101,95
741,05/24/2023,06:40 PM,123,99,110
742,05/25/2023,07:40 PM,102,109,89
743,05/25/2023,08:38 PM,96,104,83
744,05/25/2023,08:40 PM,119,112,106
745,05/25/2023,11:35 AM,106,97,93
746,05/25/2023,12:10 PM,121,118,108
747,05/25/2023,02:10 PM,102,109,89
748,05/25/2023,03:05 PM,111,115,98
749,05/25/2023,05:40 PM,101,107,88
750,05/25/2023,06:05 PM,124,114,111
751,05/25/2023,06:20 PM,122,100,109
752,05/25/2023,06:40 PM,123,99,110
753,05/25/2023,06:40 PM,95,113,82
754,05/26/2023,08:40 PM,119,112,106
755,05/26/2023,01:20 PM,123,106,110
756,05/26/2023,05:40 PM,121,103,108
757,05/26/2023,05:40 PM,101,107,88
758,05/26/2023,06:05 PM,114,105,101
759,05/26/2023,06:05 PM,124,115,111
760,05/26/2023,06:10 PM,117,97,104
761,05/26/2023,06:20 PM,122,100,109
762,05/27/2023,07:10 PM,108,111,95
763,05/27/2023,07:10 PM,120,118,107
764,05/27/2023,07:10 PM,95,113,82
765,05/27/2023,07:40 PM,102,99,89
766,05/27/2023,08:38 PM,96,109,83
767,05/27/2023,08:40 PM,98,104,85
768,05/27/2023,08:40 PM,112,110,99
769,05/27/2023,09:10 PM,119,116,106
770,05/27/2023,12:05 PM,124,115,111
771,05/27/2023,12:10 PM,101,107,88
772,05/27/2023,01:10 PM,120,118,107
773,05/27/2023,03:05 PM,114,105,101
774,05/27/2023,03:07 PM,112,110,99
775,05/27/2023,03:10 PM,108,111,95
776,05/27/2023,03:10 PM,119,116,106
777,05/27/2023,03:10 PM,121,103,108
778,05/27/2023,03:10 PM,122,100,109
779,05/27/2023,03:10 PM,95,113,82
780,05/27/2023,06:15 PM,98,104,85
781,05/27/2023,06:15 PM,123,106,110
782,05/27/2023,06:15 PM,117,97,104
783,05/28/2023,08:10 PM,102,99,89
784,05/28/2023,09:07 PM,96,109,83
785,05/28/2023,10:35 AM,121,103,108
786,05/28/2023,12:35 PM,114,105,101
787,05/28/2023,12:35 PM,124,115,111
788,05/28/2023,12:40 PM,117,97,104
789,05/28/2023,12:40 PM,101,107,88
790,05/28/2023,01:10 PM,108,111,95
791,05/28/2023,01:10 PM,120,118,107
792,05/28/2023,01:10 PM,95,113,82
793,05/28/2023,01:20 PM,123,106,110
794,05/28/2023,02:10 PM,102,99,89
795,05/28/2023,03:07 PM,112,110,99
796,05/28/2023,03:07 PM,96,109,83
797,05/28/2023,03:10 PM,98,104,85
798,05/28/2023,03:10 PM,119,116,106
799,05/28/2023,06:10 PM,122,100,109
800,05/29/2023,12:05 PM,114,117,101
801,05/29/2023,12:10 PM,101,105,88
802,05/29/2023,01:15 PM,97,108,84
803,05/29/2023,01:20 PM,123,121,110
804,05/29/2023,03:10 PM,98,102,85
805,05/29/2023,03:10 PM,110,120,97
806,05/29/2023,04:05 PM,113,116,100
807,05/30/2023,07:07 PM,112,122,99
808,05/30/2023,07:10 PM,107,96,94
809,05/30/2023,08:10 PM,103,111,90
810,05/30/2023,08:40 PM,119,124,106
811,05/30/2023,05:40 PM,101,105,88
812,05/30/2023,05:40 PM,109,115,96
813,05/30/2023,06:05 PM,114,117,101
814,05/30/2023,06:07 PM,118,95,105
815,05/30/2023,06:10 PM,104,106,91
816,05/30/2023,06:10 PM,99,100,86
817,05/30/2023,06:45 PM,97,108,84
818,05/31/2023,07:05 PM,123,121,110
819,05/31/2023,07:10 PM,110,120,97
820,05/31/2023,07:10 PM,107,96,94
821,05/31/2023,08:40 PM,98,102,85
822,05/31/2023,08:40 PM,112,122,99
823,05/31/2023,08:40 PM,119,124,106
824,05/31/2023,08:45 PM,113,116,100
825,05/31/2023,09:10 PM,103,111,90
826,05/31/2023,12:10 PM,101,105,88
827,05/31/2023,01:10 PM,107,96,94
828,05/31/2023,01:20 PM,123,121,110
829,05/31/2023,02:05 PM,114,117,101
830,05/31/2023,02:37 PM,112,122,99
831,05/31/2023,02:45 PM,113,116,100
832,05/31/2023,03:10 PM,103,111,90
833,05/31/2023,05:40 PM,109,115,96
834,05/31/2023,06:07 PM,118,95,105
835,05/31/2023,06:10 PM,104,106,91
836,05/31/2023,06:10 PM,99,100,86
837,06/01/2023,07:10 PM,110,120,97
838,06/01/2023,08:40 PM,98,102,85
839,06/01/2023,08:40 PM,119,124,106
840,06/01/2023,12:07 PM,118,95,105
841,06/01/2023,12:10 PM,99,100,86
842,06/01/2023,12:10 PM,109,115,96
843,06/01/2023,02:40 PM,98,102,85
844,06/01/2023,06:10 PM,104,106,91
845,06/01/2023,06:40 PM,120,117,107
846,06/02/2023,07:10 PM,110,96,97
847,06/02/2023,04:10 PM,106,95,93
848,06/02/2023,05:40 PM,109,112,96
849,06/02/2023,06:05 PM,116,97,103
850,06/02/2023,06:05 PM,111,100,98
851,06/02/2023,06:10 PM,99,118,86
852,06/03/2023,07:05 PM,105,119,92
853,06/03/2023,07:10 PM,110,96,97
854,06/03/2023,07:10 PM,108,102,95
855,06/03/2023,07:10 PM,120,117,107
856,06/03/2023,07:10 PM,107,101,94
857,06/03/2023,08:40 PM,115,123,102
858,06/03/2023,08:40 PM,98,122,85
859,06/03/2023,09:10 PM,103,124,90
860,06/03/2023,09:15 PM,113,114,100
861,06/03/2023,12:10 PM,104,121,91
862,06/03/2023,01:10 PM,107,101,94
863,06/03/2023,03:05 PM,116,97,103
864,06/03/2023,03:05 PM,105,119,92
865,06/03/2023,03:05 PM,111,100,98
866,06/03/2023,03:10 PM,110,96,97
867,06/03/2023,03:10 PM,108,102,95
868,06/03/2023,03:10 PM,99,118,86
869,06/03/2023,03:10 PM,109,112,96
870,06/03/2023,03:10 PM,106,95,93
871,06/03/2023,05:10 PM,104,121,91
872,06/03/2023,06:15 PM,120,117,107
873,06/03/2023,06:15 PM,103,124,90
874,06/04/2023,09:05 PM,113,114,100
875,06/04/2023,09:10 PM,115,123,102
876,06/04/2023,09:10 PM,98,122,85
877,06/04/2023,10:35 AM,116,97,103
878,06/04/2023,12:35 PM,104,121,91
879,06/04/2023,12:35 PM,111,100,98
880,06/04/2023,12:40 PM,99,118,86
881,06/04/2023,12:40 PM,109,112,96
882,06/04/2023,12:40 PM,106,95,93
883,06/04/2023,01:10 PM,110,96,97
884,06/04/2023,01:10 PM,108,102,95
885,06/04/2023,01:10 PM,120,117,107
886,06/04/2023,01:10 PM,107,101,94
887,06/04/2023,01:35 PM,105,119,92
888,06/04/2023,03:05 PM,113,114,100
889,06/04/2023,03:10 PM,98,122,85
890,06/04/2023,04:30 PM,115,123,102
891,06/04/2023,06:10 PM,103,124,90
892,06/05/2023,03:05 PM,104,121,91
893,06/05/2023,05:40 PM,100,101,87
894,06/05/2023,05:40 PM,109,108,96
895,06/05/2023,06:05 PM,116,112,103
896,06/05/2023,06:07 PM,118,110,105
897,06/05/2023,06:10 PM,106,95,93
898,06/06/2023,07:05 PM,105,97,92
899,06/06/2023,08:10 PM,115,123,102
900,06/06/2023,05:40 PM,121,120,108
901,06/06/2023,05:40 PM,100,101,87
902,06/06/2023,05:40 PM,109,108,96
903,06/06/2023,06:05 PM,111,98,98
904,06/06/2023,06:05 PM,116,112,103
905,06/06/2023,06:05 PM,124,107,111
906,06/06/2023,06:07 PM,118,110,105
907,06/06/2023,06:10 PM,117,104,104
908,06/06/2023,06:10 PM,106,103,93
909,06/06/2023,06:20 PM,122,99,109
910,06/06/2023,06:40 PM,95,114,82
911,06/07/2023,07:05 PM,105,97,92
912,06/07/2023,07:40 PM,102,113,89
913,06/07/2023,08:38 PM,96,123,83
914,06/07/2023,08:40 PM,115,119,102
915,06/07/2023,11:35 AM,116,112,103
916,06/07/2023,03:10 PM,115,119,102
917,06/07/2023,05:10 PM,109,108,96
918,06/07/2023,05:40 PM,121,120,108
919,06/07/2023,06:05 PM,111,98,98
920,06/07/2023,06:07 PM,118,110,105
921,06/07/2023,06:10 PM,117,104,104
922,06/07/2023,06:10 PM,106,103,93
923,06/07/2023,06:20 PM,122,99,109
924,06/07/2023,06:40 PM,95,114,82
925,06/08/2023,07:05 PM,105,97,92
926,06/08/2023,07:40 PM,102,113,89
927,06/08/2023,08:38 PM,96,123,83
928,06/08/2023,11:35 AM,106,103,93
929,06/08/2023,12:10 PM,121,120,108
930,06/08/2023,01:10 PM,95,114,82
931,06/08/2023,02:10 PM,102,113,89
932,06/08/2023,03:05 PM,124,107,111
933,06/08/2023,03:10 PM,124,107,111
934,06/08/2023,05:05 PM,100,101,87
935,06/08/2023,06:07 PM,118,110,105
936,06/08/2023,06:10 PM,117,104,104
937,06/08/2023,06:20 PM,122,99,109
938,06/09/2023,08:38 PM,96,123,83
939,06/09/2023,05:40 PM,101,98,88
940,06/09/2023,05:40 PM,121,105,108
941,06/09/2023,06:05 PM,114,108,101
942,06/09/2023,06:05 PM,116,99,103
943,06/09/2023,06:05 PM,100,103,87
944,06/09/2023,06:05 PM,124,104,111
945,06/09/2023,06:07 PM,118,120,105
946,06/09/2023,06:10 PM,117,110,104
947,06/09/2023,06:20 PM,122,111,109
948,06/10/2023,07:10 PM,107,109,94
949,06/10/2023,07:10 PM,95,112,82
950,06/10/2023,07:15 PM,97,106,84
951,06/10/2023,07:40 PM,102,115,89
952,06/10/2023,08:38 PM,96,119,83
953,06/10/2023,09:15 PM,113,123,100
954,06/10/2023,12:10 PM,101,98,88
955,06/10/2023,01:10 PM,107,109,94
956,06/10/2023,01:15 PM,97,106,84
957,06/10/2023,02:07 PM,118,120,105
958,06/10/2023,02:10 PM,102,115,89
959,06/10/2023,03:05 PM,114,108,101
960,06/10/2023,03:05 PM,116,99,103
961,06/10/2023,03:05 PM,100,103,87
962,06/10/2023,03:10 PM,121,105,108
963,06/10/2023,03:10 PM,122,111,109
964,06/10/2023,03:10 PM,95,112,82
965,06/10/2023,05:10 PM,117,110,104
966,06/10/2023,06:35 PM,113,123,100
967,06/10/2023,06:35 PM,124,104,111
968,06/11/2023,09:07 PM,96,119,83
969,06/11/2023,10:35 AM,101,98,88
970,06/11/2023,11:40 AM,117,110,104
971,06/11/2023,12:35 PM,122,111,109
972,06/11/2023,12:35 PM,114,108,101
973,06/11/2023,12:35 PM,116,99,103
974,06/11/2023,12:35 PM,100,103,87
975,06/11/2023,12:37 PM,118,120,105
976,06/11/2023,12:40 PM,121,105,108
977,06/11/2023,01:10 PM,107,109,94
978,06/11/2023,01:10 PM,95,112,82
979,06/11/2023,01:15 PM,97,106,84
980,06/11/2023,02:10 PM,102,115,89
981,06/11/2023,03:05 PM,113,123,100
982,06/11/2023,03:07 PM,96,119,83
983,06/11/2023,06:10 PM,124,104,111
984,06/12/2023,05:40 PM,101,122,88
985,06/12/2023,06:10 PM,104,102,91
986,06/12/2023,06:45 PM,97,113,84
987,06/13/2023,07:05 PM,105,96,92
988,06/13/2023,07:10 PM,108,106,95
989,06/13/2023,08:40 PM,112,121,99
990,06/13/2023,08:40 PM,98,100,85
991,06/13/2023,08:40 PM,119,109,106
992,06/13/2023,06:05 PM,114,118,101
993,06/13/2023,06:10 PM,104,102,91
994,06/13/2023,06:10 PM,99,124,86
995,06/13/2023,06:40 PM,120,95,107
996,06/13/2023,06:45 PM,97,113,84
997,06/14/2023,07:05 PM,123,116,110
998,06/14/2023,07:05 PM,105,96,92
999,06/14/2023,07:10 PM,108,106,95
1000,06/14/2023,07:10 PM,110,111,97
1001,06/14/2023,08:40 PM,115,117,102
1002,06/14/2023,08:40 PM,112,121,99
1003,06/14/2023,08:40 PM,98,100,85
1004,06/14/2023,08:40 PM,119,109,106
1005,06/14/2023,09:10 PM,103,107,90
1006,06/14/2023,12:10 PM,101,122,88
1007,06/14/2023,12:10 PM,120,95,107
1008,06/14/2023,12:15 PM,101,122,88
1009,06/14/2023,12:15 PM,97,113,84
1010,06/14/2023,06:05 PM,114,118,101
1011,06/14/2023,06:10 PM,104,102,91
1012,06/14/2023,06:10 PM,99,124,86
1013,06/15/2023,07:05 PM,123,116,110
1014,06/15/2023,07:05 PM,105,96,92
1015,06/15/2023,07:10 PM,108,106,95
1016,06/15/2023,07:10 PM,110,111,97
1017,06/15/2023,08:40 PM,115,117,102
1018,06/15/2023,08:40 PM,112,121,99
1019,06/15/2023,08:40 PM,98,100,85
1020,06/15/2023,08:40 PM,119,109,106
1021,06/15/2023,09:10 PM,103,107,90
1022,06/15/2023,12:05 PM,114,118,101
1023,06/15/2023,02:37 PM,112,121,99
1024,06/15/2023,02:40 PM,98,100,85
1025,06/15/2023,06:10 PM,120,101,107
1026,06/15/2023,06:20 PM,122,102,109
1027,06/16/2023,07:05 PM,123,116,110
1028,06/16/2023,07:05 PM,105,96,92
1029,06/16/2023,07:10 PM,110,111,97
1030,06/16/2023,07:40 PM,115,117,102
1031,06/16/2023,09:10 PM,103,107,90
1032,06/16/2023,01:20 PM,123,114,110
1033,06/16/2023,06:05 PM,111,109,98
1034,06/16/2023,06:10 PM,99,97,86
1035,06/16/2023,06:10 PM,104,124,91
1036,06/16/2023,06:20 PM,122,102,109
1037,06/17/2023,07:05 PM,105,118,92
1038,06/17/2023,07:10 PM,110,106,97
1039,06/17/2023,07:10 PM,108,96,95
1040,06/17/2023,07:10 PM,120,101,107
1041,06/17/2023,07:10 PM,95,116,82
1042,06/17/2023,08:40 PM,98,117,85
1043,06/17/2023,08:40 PM,115,121,102
1044,06/17/2023,08:40 PM,112,100,99
1045,06/17/2023,09:10 PM,103,113,90
1046,06/17/2023,09:10 PM,119,107,106
1047,06/17/2023,01:10 PM,120,101,107
1048,06/17/2023,01:20 PM,123,114,110
1049,06/17/2023,03:05 PM,105,118,92
1050,06/17/2023,03:05 PM,111,109,98
1051,06/17/2023,03:07 PM,112,100,99
1052,06/17/2023,03:10 PM,110,106,97
1053,06/17/2023,03:10 PM,108,96,95
1054,06/17/2023,03:10 PM,99,97,86
1055,06/17/2023,03:10 PM,122,102,109
1056,06/17/2023,03:10 PM,119,107,106
1057,06/17/2023,03:10 PM,95,116,82
1058,06/17/2023,06:15 PM,115,121,102
1059,06/18/2023,08:10 PM,103,113,90
1060,06/18/2023,09:10 PM,98,117,85
1061,06/18/2023,12:05 PM,123,114,110
1062,06/18/2023,12:35 PM,104,124,91
1063,06/18/2023,12:35 PM,122,102,109
1064,06/18/2023,12:35 PM,111,109,98
1065,06/18/2023,12:40 PM,99,97,86
1066,06/18/2023,01:10 PM,110,106,97
1067,06/18/2023,01:10 PM,108,96,95
1068,06/18/2023,01:10 PM,120,101,107
1069,06/18/2023,01:10 PM,95,116,82
1070,06/18/2023,01:35 PM,105,118,92
1071,06/18/2023,03:07 PM,112,100,99
1072,06/18/2023,03:10 PM,98,117,85
1073,06/18/2023,03:10 PM,103,113,90
1074,06/18/2023,03:10 PM,115,121,102
1075,06/18/2023,03:10 PM,119,107,106
1076,06/18/2023,06:10 PM,104,124,91
1077,06/19/2023,03:05 PM,111,97,98
1078,06/19/2023,05:40 PM,101,108,88
1079,06/19/2023,05:40 PM,109,118,96
1080,06/19/2023,06:05 PM,116,123,103
1081,06/19/2023,06:10 PM,106,102,93
1082,06/19/2023,06:40 PM,120,104,107
1083,06/20/2023,07:10 PM,110,99,97
1084,06/20/2023,07:10 PM,107,105,94
1085,06/20/2023,07:10 PM,95,98,82
1086,06/20/2023,08:45 PM,113,115,100
1087,06/20/2023,05:40 PM,101,108,88
1088,06/20/2023,05:40 PM,121,114,108
1089,06/20/2023,05:40 PM,100,122,87
1090,06/20/2023,05:40 PM,109,118,96
1091,06/20/2023,06:05 PM,116,123,103
1092,06/20/2023,06:05 PM,111,97,98
1093,06/20/2023,06:05 PM,124,119,111
1094,06/20/2023,06:10 PM,106,102,93
1095,06/20/2023,06:10 PM,117,112,104
1096,06/20/2023,06:40 PM,120,104,107
1097,06/21/2023,07:10 PM,110,99,97
1098,06/21/2023,07:10 PM,107,105,94
1099,06/21/2023,07:10 PM,95,98,82
1100,06/21/2023,08:45 PM,113,115,100
1101,06/21/2023,09:07 PM,96,103,83
1102,06/21/2023,11:10 AM,121,114,108
1103,06/21/2023,11:10 AM,109,118,96
1104,06/21/2023,11:35 AM,106,102,93
1105,06/21/2023,11:35 AM,116,123,103
1106,06/21/2023,12:10 PM,101,108,88
1107,06/21/2023,01:10 PM,110,99,97
1108,06/21/2023,01:10 PM,95,98,82
1109,06/21/2023,03:05 PM,111,97,98
1110,06/21/2023,06:05 PM,124,119,111
1111,06/21/2023,06:10 PM,117,112,104
1112,06/21/2023,06:40 PM,120,104,107
1113,06/22/2023,07:10 PM,107,105,94
1114,06/22/2023,08:38 PM,96,103,83
1115,06/22/2023,08:45 PM,113,115,100
1116,06/22/2023,12:05 PM,111,98,98
1117,06/22/2023,12:05 PM,100,122,87
1118,06/22/2023,12:10 PM,117,112,104
1119,06/22/2023,12:10 PM,120,104,107
1120,06/22/2023,02:45 PM,113,115,100
1121,06/22/2023,05:40 PM,121,108,108
1122,06/22/2023,05:40 PM,109,116,96
1123,06/22/2023,06:05 PM,124,119,111
1124,06/23/2023,05:40 PM,121,108,108
1125,06/23/2023,05:40 PM,101,120,88
1126,06/23/2023,05:40 PM,106,122,93
1127,06/23/2023,05:40 PM,109,116,96
1128,06/23/2023,06:05 PM,114,119,101
1129,06/23/2023,06:05 PM,100,99,87
1130,06/23/2023,06:05 PM,124,105,111
1131,06/23/2023,06:07 PM,118,112,105
1132,06/23/2023,06:10 PM,117,95,104
1133,06/24/2023,07:10 PM,107,104,94
1134,06/24/2023,07:40 PM,102,96,89
1135,06/24/2023,08:40 PM,115,111,102
1136,06/24/2023,09:10 PM,103,110,90
1137,06/24/2023,09:15 PM,113,98,100
1138,06/24/2023,12:10 PM,97,123,84
1139,06/24/2023,03:05 PM,114,119,101
1140,06/24/2023,03:05 PM,113,98,100
1141,06/24/2023,03:05 PM,100,99,87
1142,06/24/2023,03:05 PM,124,105,111
1143,06/24/2023,03:07 PM,118,112,105
1144,06/24/2023,03:10 PM,121,108,108
1145,06/24/2023,03:10 PM,106,122,93
1146,06/24/2023,03:10 PM,107,104,94
1147,06/24/2023,03:10 PM,109,116,96
1148,06/24/2023,03:10 PM,117,95,104
1149,06/24/2023,06:15 PM,103,110,90
1150,06/24/2023,06:15 PM,101,120,88
1151,06/25/2023,07:40 PM,115,111,102
1152,06/25/2023,08:10 PM,102,96,89
1153,06/25/2023,09:10 AM,97,123,84
1154,06/25/2023,11:10 AM,101,120,88
1155,06/25/2023,12:35 PM,114,119,101
1156,06/25/2023,12:35 PM,100,99,87
1157,06/25/2023,12:35 PM,124,105,111
1158,06/25/2023,12:37 PM,118,112,105
1159,06/25/2023,12:40 PM,121,108,108
1160,06/25/2023,12:40 PM,106,122,93
1161,06/25/2023,12:40 PM,109,116,96
1162,06/25/2023,12:40 PM,117,95,104
1163,06/25/2023,01:10 PM,107,104,94
1164,06/25/2023,02:10 PM,102,96,89
1165,06/25/2023,03:05 PM,113,98,100
1166,06/25/2023,03:10 PM,115,111,102
1167,06/25/2023,06:10 PM,103,110,90
1168,06/26/2023,06:05 PM,114,106,101
1169,06/26/2023,06:10 PM,99,95,86
1170,06/26/2023,06:20 PM,122,120,109
1171,06/27/2023,07:05 PM,105,101,92
1172,06/27/2023,08:38 PM,96,107,83
1173,06/27/2023,08:40 PM,119,111,106
1174,06/27/2023,06:05 PM,114,106,101
1175,06/27/2023,06:05 PM,116,115,103
1176,06/27/2023,06:07 PM,118,113,105
1177,06/27/2023,06:10 PM,104,109,91
1178,06/27/2023,06:10 PM,99,95,86
1179,06/27/2023,06:20 PM,122,120,109
1180,06/27/2023,06:45 PM,97,110,84
1181,06/28/2023,07:05 PM,105,101,92
1182,06/28/2023,07:05 PM,123,100,110
1183,06/28/2023,07:10 PM,108,117,95
1184,06/28/2023,07:40 PM,102,103,89
1185,06/28/2023,08:38 PM,96,107,83
1186,06/28/2023,08:40 PM,119,111,106
1187,06/28/2023,08:40 PM,98,121,85
1188,06/28/2023,08:40 PM,112,124,99
1189,06/28/2023,11:20 AM,122,120,109
1190,06/28/2023,03:10 PM,119,111,106
1191,06/28/2023,06:05 PM,114,106,101
1192,06/28/2023,06:05 PM,116,115,103
1193,06/28/2023,06:07 PM,118,113,105
1194,06/28/2023,06:10 PM,104,109,91
1195,06/28/2023,06:10 PM,99,95,86
1196,06/28/2023,06:45 PM,97,110,84
1197,06/29/2023,07:05 PM,105,101,92
1198,06/29/2023,07:05 PM,123,100,110
1199,06/29/2023,07:10 PM,108,117,95
1200,06/29/2023,07:40 PM,102,103,89
1201,06/29/2023,08:38 PM,96,107,83
1202,06/29/2023,08:40 PM,98,121,85
1203,06/29/2023,08:40 PM,112,124,99
1204,06/29/2023,11:35 AM,116,115,103
1205,06/29/2023,01:05 PM,105,101,92
1206,06/29/2023,01:10 PM,108,117,95
1207,06/29/2023,02:37 PM,112,124,99
1208,06/29/2023,02:40 PM,98,121,85
1209,06/29/2023,03:07 PM,96,107,83
1210,06/29/2023,05:10 PM,104,109,91
1211,06/29/2023,06:07 PM,118,113,105
1212,06/29/2023,06:10 PM,99,95,86
1213,06/29/2023,06:15 PM,97,110,84
1214,06/30/2023,07:05 PM,123,100,110
1215,06/30/2023,07:40 PM,102,103,89
1216,06/30/2023,01:20 PM,123,117,110
1217,06/30/2023,04:10 PM,106,115,93
1218,06/30/2023,05:05 PM,100,111,87
1219,06/30/2023,06:05 PM,114,120,101
1220,06/30/2023,06:05 PM,116,95,103
1221,06/30/2023,06:07 PM,118,104,105
1222,06/30/2023,06:10 PM,99,113,86
1223,06/30/2023,06:20 PM,122,109,109
1224,07/01/2023,07:05 PM,105,110,92
1225,07/01/2023,07:10 PM,102,101,89
1226,07/01/2023,07:10 PM,108,103,95
1227,07/01/2023,08:38 PM,96,98,83
1228,07/01/2023,08:40 PM,112,107,99
1229,07/01/2023,09:10 PM,119,121,106
1230,07/01/2023,12:40 PM,106,115,93
1231,07/01/2023,01:15 PM,97,124,84
1232,07/01/2023,02:07 PM,118,104,105
1233,07/01/2023,03:05 PM,105,110,92
1234,07/01/2023,03:05 PM,114,120,101
1235,07/01/2023,03:05 PM,100,111,87
1236,07/01/2023,03:05 PM,116,95,103
1237,07/01/2023,03:07 PM,112,107,99
1238,07/01/2023,03:10 PM,99,113,86
1239,07/01/2023,03:10 PM,122,109,109
1240,07/01/2023,06:15 PM,97,124,84
1241,07/01/2023,06:15 PM,123,117,110
1242,07/01/2023,06:15 PM,108,103,95
1243,07/01/2023,06:15 PM,119,121,106
1244,07/02/2023,08:10 PM,102,101,89
1245,07/02/2023,09:07 PM,96,98,83
1246,07/02/2023,11:05 AM,114,120,101
1247,07/02/2023,12:35 PM,122,109,109
1248,07/02/2023,12:35 PM,100,111,87
1249,07/02/2023,12:35 PM,116,95,103
1250,07/02/2023,12:37 PM,118,104,105
1251,07/02/2023,12:40 PM,106,115,93
1252,07/02/2023,01:10 PM,108,103,95
1253,07/02/2023,01:15 PM,97,124,84
1254,07/02/2023,01:35 PM,105,110,92
1255,07/02/2023,02:10 PM,102,101,89
1256,07/02/2023,03:07 PM,96,98,83
1257,07/02/2023,03:07 PM,112,107,99
1258,07/02/2023,03:10 PM,119,121,106
1259,07/02/2023,04:05 PM,123,117,110
1260,07/02/2023,06:10 PM,99,113,86
1261,07/03/2023,01:05 PM,105,110,92
1262,07/03/2023,01:10 PM,95,123,82
1263,07/03/2023,05:05 PM,111,106,98
1264,07/03/2023,05:40 PM,109,97,96
1265,07/03/2023,06:05 PM,124,114,111
1266,07/03/2023,06:10 PM,117,122,104
1267,07/04/2023,07:10 PM,120,108,107
1268,07/04/2023,08:40 PM,115,96,102
1269,07/04/2023,08:45 PM,113,119,100
1270,07/04/2023,09:10 PM,103,116,90
1271,07/04/2023,10:05 AM,111,106,98
1272,07/04/2023,12:05 PM,124,114,111
1273,07/04/2023,12:10 PM,109,97,96
1274,07/04/2023,12:35 PM,104,105,91
1275,07/04/2023,01:10 PM,120,108,107
1276,07/04/2023,03:10 PM,110,102,97
1277,07/04/2023,03:10 PM,98,99,85
1278,07/04/2023,03:10 PM,121,100,108
1279,07/04/2023,03:10 PM,95,123,82
1280,07/04/2023,03:35 PM,113,119,100
1281,07/04/2023,05:40 PM,101,112,88
1282,07/04/2023,05:40 PM,115,96,102
1283,07/04/2023,06:10 PM,117,122,104
1284,07/05/2023,07:10 PM,107,118,94
1285,07/05/2023,08:10 PM,103,116,90
1286,07/05/2023,01:10 PM,110,102,97
1287,07/05/2023,05:40 PM,101,112,88
1288,07/05/2023,05:40 PM,121,100,108
1289,07/05/2023,05:40 PM,109,97,96
1290,07/05/2023,06:05 PM,111,106,98
1291,07/05/2023,06:05 PM,124,114,111
1292,07/05/2023,06:10 PM,104,105,91
1293,07/05/2023,06:10 PM,117,122,104
1294,07/05/2023,06:40 PM,120,108,107
1295,07/06/2023,07:10 PM,95,123,82
1296,07/06/2023,07:40 PM,115,96,102
1297,07/06/2023,08:05 PM,113,119,100
1298,07/06/2023,08:40 PM,98,99,85
1299,07/06/2023,09:10 PM,103,116,90
1300,07/06/2023,12:05 PM,111,106,98
1301,07/06/2023,12:10 PM,101,112,88
1302,07/06/2023,01:10 PM,95,123,82
1303,07/06/2023,04:10 PM,107,118,94
1304,07/06/2023,04:15 PM,107,118,94
1305,07/06/2023,05:40 PM,121,100,108
1306,07/06/2023,05:40 PM,109,97,96
1307,07/06/2023,06:05 PM,124,114,111
1308,07/06/2023,06:10 PM,117,108,104
1309,07/06/2023,06:10 PM,104,105,91
1310,07/07/2023,07:10 PM,110,119,97
1311,07/07/2023,08:40 PM,98,99,85
1312,07/07/2023,09:10 PM,103,116,90
1313,07/07/2023,05:40 PM,101,118,88
1314,07/07/2023,05:40 PM,121,122,108
1315,07/07/2023,05:40 PM,109,100,96
1316,07/07/2023,06:05 PM,111,105,98
1317,07/07/2023,06:05 PM,124,123,111
1318,07/07/2023,06:10 PM,117,108,104
1319,07/07/2023,06:10 PM,104,112,91
1320,07/08/2023,07:10 PM,110,119,97
1321,07/08/2023,07:10 PM,120,114,107
1322,07/08/2023,07:10 PM,107,97,94
1323,07/08/2023,07:10 PM,95,106,82
1324,07/08/2023,08:40 PM,98,116,85
1325,07/08/2023,08:40 PM,115,99,102
1326,07/08/2023,09:10 PM,103,96,90
1327,07/08/2023,09:15 PM,113,102,100
1328,07/08/2023,12:05 PM,124,123,111
1329,07/08/2023,12:10 PM,101,118,88
1330,07/08/2023,01:10 PM,120,114,107
1331,07/08/2023,01:10 PM,107,97,94
1332,07/08/2023,03:05 PM,113,102,100
1333,07/08/2023,03:05 PM,111,105,98
1334,07/08/2023,03:10 PM,117,108,104
1335,07/08/2023,03:10 PM,104,112,91
1336,07/08/2023,03:10 PM,98,116,85
1337,07/08/2023,03:10 PM,109,100,96
1338,07/08/2023,03:10 PM,95,106,82
1339,07/08/2023,06:15 PM,110,119,97
1340,07/08/2023,06:15 PM,121,122,108
1341,07/09/2023,08:10 PM,103,96,90
1342,07/09/2023,09:10 PM,115,99,102
1343,07/09/2023,11:05 AM,111,105,98
1344,07/09/2023,12:35 PM,104,112,91
1345,07/09/2023,12:35 PM,124,123,111
1346,07/09/2023,12:40 PM,117,108,104
1347,07/09/2023,12:40 PM,101,118,88
1348,07/09/2023,12:40 PM,121,122,108
1349,07/09/2023,12:40 PM,109,100,96
1350,07/09/2023,01:10 PM,110,119,97
1351,07/09/2023,01:10 PM,120,114,107
1352,07/09/2023,01:10 PM,107,97,94
1353,07/09/2023,01:10 PM,95,106,82
1354,07/09/2023,03:05 PM,113,102,100
1355,07/09/2023,03:10 PM,98,116,85
1356,07/09/2023,03:10 PM,115,99,102
1357,07/14/2023,05:05 PM,100,115,87
1358,07/14/2023,06:05 PM,116,113,103
1359,07/14/2023,06:05 PM,114,109,101
1360,07/14/2023,06:07 PM,118,98,105
1361,07/14/2023,06:10 PM,99,103,86
1362,07/14/2023,06:10 PM,106,95,93
1363,07/14/2023,06:20 PM,122,107,109
1364,07/15/2023,07:05 PM,123,104,110
1365,07/15/2023,07:05 PM,105,117,92
1366,07/15/2023,07:40 PM,102,124,89
1367,07/15/2023,08:38 PM,96,110,83
1368,07/15/2023,08:40 PM,112,120,99
1369,07/15/2023,09:10 PM,119,101,106
1370,07/15/2023,12:05 PM,100,115,87
1371,07/15/2023,01:10 PM,108,121,95
1372,07/15/2023,01:15 PM,97,111,84
1373,07/15/2023,01:20 PM,123,104,110
1374,07/15/2023,02:07 PM,118,98,105
1375,07/15/2023,03:05 PM,105,117,92
1376,07/15/2023,06:05 PM,100,115,87
1377,07/15/2023,06:05 PM,116,113,103
1378,07/15/2023,06:05 PM,114,109,101
1379,07/15/2023,06:07 PM,112,120,99
1380,07/15/2023,06:10 PM,108,121,95
1381,07/15/2023,06:10 PM,106,95,93
1382,07/15/2023,06:15 PM,99,103,86
1383,07/15/2023,06:15 PM,97,111,84
1384,07/15/2023,06:15 PM,122,107,109
1385,07/16/2023,07:10 PM,102,124,89
1386,07/16/2023,08:07 PM,96,110,83
1387,07/16/2023,08:40 PM,119,101,106
1388,07/16/2023,11:05 AM,116,113,103
1389,07/16/2023,12:35 PM,122,107,109
1390,07/16/2023,12:35 PM,100,115,87
1391,07/16/2023,12:35 PM,114,109,101
1392,07/16/2023,12:37 PM,118,98,105
1393,07/16/2023,12:40 PM,106,95,93
1394,07/16/2023,01:10 PM,108,121,95
1395,07/16/2023,01:15 PM,97,111,84
1396,07/16/2023,01:20 PM,123,104,110
1397,07/16/2023,01:35 PM,105,117,92
1398,07/16/2023,02:10 PM,102,124,89
1399,07/16/2023,03:07 PM,112,120,99
1400,07/16/2023,03:10 PM,119,101,106
1401,07/16/2023,04:10 PM,99,103,86
1402,07/16/2023,06:10 PM,96,110,83
1403,07/17/2023,06:05 PM,114,103,101
1404,07/17/2023,06:05 PM,116,117,103
1405,07/17/2023,06:45 PM,97,109,84
1406,07/18/2023,07:05 PM,123,111,110
1407,07/18/2023,07:05 PM,105,121,92
1408,07/18/2023,07:10 PM,108,101,95
1409,07/18/2023,08:38 PM,96,124,83
1410,07/18/2023,08:40 PM,112,104,99
1411,07/18/2023,08:40 PM,119,120,106
1412,07/18/2023,05:40 PM,100,95,87
1413,07/18/2023,06:05 PM,114,103,101
1414,07/18/2023,06:05 PM,116,117,103
1415,07/18/2023,06:07 PM,118,115,105
1416,07/18/2023,06:10 PM,106,113,93
1417,07/18/2023,06:10 PM,99,107,86
1418,07/18/2023,06:20 PM,122,98,109
1419,07/18/2023,06:40 PM,106,113,93
1420,07/18/2023,06:45 PM,97,109,84
1421,07/19/2023,07:05 PM,123,111,110
1422,07/19/2023,07:05 PM,105,121,92
1423,07/19/2023,07:10 PM,108,101,95
1424,07/19/2023,07:40 PM,102,110,89
1425,07/19/2023,08:38 PM,96,124,83
1426,07/19/2023,08:40 PM,112,104,99
1427,07/19/2023,08:40 PM,119,120,106
1428,07/19/2023,11:35 AM,116,117,103
1429,07/19/2023,12:05 PM,114,103,101
1430,07/19/2023,01:05 PM,105,121,92
1431,07/19/2023,01:15 PM,97,109,84
1432,07/19/2023,02:10 PM,102,110,89
1433,07/19/2023,02:37 PM,112,104,99
1434,07/19/2023,05:40 PM,100,95,87
1435,07/19/2023,06:07 PM,118,115,105
1436,07/19/2023,06:07 PM,96,124,83
1437,07/19/2023,06:10 PM,106,113,93
1438,07/19/2023,06:10 PM,99,107,86
1439,07/19/2023,06:20 PM,122,98,109
1440,07/20/2023,07:05 PM,123,111,110
1441,07/20/2023,07:10 PM,108,101,95
1442,07/20/2023,08:40 PM,119,120,106
1443,07/20/2023,11:20 AM,122,98,109
1444,07/20/2023,11:35 AM,106,113,93
1445,07/20/2023,11:35 AM,100,95,87
1446,07/20/2023,12:07 PM,118,115,105
1447,07/20/2023,12:10 PM,99,107,86
1448,07/20/2023,01:10 PM,108,101,95
1449,07/20/2023,02:40 PM,119,120,106
1450,07/20/2023,05:40 PM,121,114,108
1451,07/21/2023,07:05 PM,123,97,110
1452,07/21/2023,08:40 PM,112,110,99
1453,07/21/2023,01:20 PM,123,97,110
1454,07/21/2023,05:40 PM,101,115,88
1455,07/21/2023,05:40 PM,121,114,108
1456,07/21/2023,05:40 PM,109,102,96
1457,07/21/2023,06:05 PM,111,113,98
1458,07/21/2023,06:05 PM,124,108,111
1459,07/21/2023,06:10 PM,106,98,93
1460,07/21/2023,06:10 PM,104,99,91
1461,07/21/2023,06:10 PM,117,100,104
1462,07/22/2023,07:05 PM,105,103,92
1463,07/22/2023,07:10 PM,120,107,107
1464,07/22/2023,07:10 PM,95,122,82
1465,07/22/2023,08:38 PM,96,116,83
1466,07/22/2023,08:40 PM,112,110,99
1467,07/22/2023,09:10 PM,119,118,106
1468,07/22/2023,12:05 PM,124,108,111
1469,07/22/2023,12:10 PM,109,102,96
1470,07/22/2023,01:20 PM,123,97,110
1471,07/22/2023,03:05 PM,105,103,92
1472,07/22/2023,03:10 PM,106,98,93
1473,07/22/2023,03:10 PM,121,114,108
1474,07/22/2023,03:10 PM,119,118,106
1475,07/22/2023,04:10 PM,104,99,91
1476,07/22/2023,05:10 PM,101,115,88
1477,07/22/2023,06:05 PM,111,113,98
1478,07/22/2023,06:10 PM,117,100,104
1479,07/22/2023,06:15 PM,120,107,107
1480,07/22/2023,06:15 PM,95,122,82
1481,07/23/2023,08:07 PM,112,110,99
1482,07/23/2023,08:07 PM,96,116,83
1483,07/23/2023,11:05 AM,101,115,88
1484,07/23/2023,12:35 PM,111,113,98
1485,07/23/2023,12:35 PM,124,108,111
1486,07/23/2023,12:40 PM,106,98,93
1487,07/23/2023,12:40 PM,121,114,108
1488,07/23/2023,12:40 PM,117,100,104
1489,07/23/2023,12:40 PM,109,102,96
1490,07/23/2023,01:10 PM,120,107,107
1491,07/23/2023,01:10 PM,95,122,82
1492,07/23/2023,01:20 PM,123,97,110
1493,07/23/2023,01:35 PM,105,103,92
1494,07/23/2023,03:07 PM,112,110,99
1495,07/23/2023,03:07 PM,96,116,83
1496,07/23/2023,03:10 PM,119,118,106
1497,07/23/2023,06:10 PM,104,99,91
1498,07/24/2023,12:10 PM,101,113,88
1499,07/24/2023,05:40 PM,100,114,87
1500,07/24/2023,06:05 PM,111,102,98
1501,07/24/2023,06:10 PM,117,108,104
1502,07/24/2023,06:40 PM,120,119,107
1503,07/25/2023,07:10 PM,110,105,97
1504,07/25/2023,07:10 PM,95,106,82
1505,07/25/2023,08:40 PM,115,116,102
1506,07/25/2023,08:40 PM,98,97,85
1507,07/25/2023,09:10 PM,103,118,90
1508,07/25/2023,05:40 PM,101,96,88
1509,07/25/2023,05:40 PM,100,114,87
1510,07/25/2023,05:40 PM,121,109,108
1511,07/25/2023,06:05 PM,111,102,98
1512,07/25/2023,06:05 PM,124,99,111
1513,07/25/2023,06:10 PM,117,108,104
1514,07/25/2023,06:10 PM,104,122,91
1515,07/25/2023,06:40 PM,120,119,107
1516,07/26/2023,07:10 PM,110,105,97
1517,07/26/2023,07:10 PM,107,123,94
1518,07/26/2023,07:10 PM,95,106,82
1519,07/26/2023,08:40 PM,115,116,102
1520,07/26/2023,08:40 PM,98,97,85
1521,07/26/2023,08:45 PM,113,112,100
1522,07/26/2023,09:10 PM,103,118,90
1523,07/26/2023,11:05 AM,111,102,98
1524,07/26/2023,11:10 AM,121,109,108
1525,07/26/2023,12:10 PM,117,108,104
1526,07/26/2023,12:10 PM,120,119,107
1527,07/26/2023,01:10 PM,95,106,82
1528,07/26/2023,02:40 PM,98,97,85
1529,07/26/2023,03:10 PM,115,116,102
1530,07/26/2023,03:10 PM,103,118,90
1531,07/26/2023,05:05 PM,100,114,87
1532,07/26/2023,06:05 PM,124,99,111
1533,07/26/2023,06:10 PM,104,122,91
1534,07/27/2023,07:10 PM,110,105,97
1535,07/27/2023,07:10 PM,107,123,94
1536,07/27/2023,08:45 PM,113,112,100
1537,07/27/2023,12:10 PM,101,96,88
1538,07/27/2023,12:15 PM,101,96,88
1539,07/27/2023,06:10 PM,99,111,86
1540,07/27/2023,06:45 PM,97,123,84
1541,07/28/2023,07:10 PM,107,117,94
1542,07/28/2023,05:40 PM,109,101,96
1543,07/28/2023,06:05 PM,116,100,103
1544,07/28/2023,06:05 PM,114,124,101
1545,07/28/2023,06:07 PM,118,96,105
1546,07/28/2023,06:10 PM,99,111,86
1547,07/28/2023,06:10 PM,107,117,94
1548,07/28/2023,06:20 PM,122,95,109
1549,07/29/2023,07:10 PM,110,121,97
1550,07/29/2023,07:10 PM,108,120,95
1551,07/29/2023,07:15 PM,97,123,84
1552,07/29/2023,07:40 PM,102,112,89
1553,07/29/2023,08:40 PM,98,119,85
1554,07/29/2023,08:40 PM,115,105,102
1555,07/29/2023,09:10 PM,103,106,90
1556,07/29/2023,09:15 PM,113,104,100
1557,07/29/2023,02:07 PM,118,96,105
1558,07/29/2023,03:10 PM,109,101,96
1559,07/29/2023,06:05 PM,116,100,103
1560,07/29/2023,06:10 PM,99,111,86
1561,07/29/2023,06:10 PM,108,120,95
1562,07/29/2023,06:10 PM,107,117,94
1563,07/29/2023,06:15 PM,114,124,101
1564,07/29/2023,06:15 PM,113,104,100
1565,07/29/2023,06:15 PM,97,123,84
1566,07/29/2023,06:15 PM,110,121,97
1567,07/29/2023,06:20 PM,122,95,109
1568,07/30/2023,07:10 PM,102,112,89
1569,07/30/2023,07:10 PM,98,119,85
1570,07/30/2023,07:40 PM,115,105,102
1571,07/30/2023,08:10 PM,103,106,90
1572,07/30/2023,11:05 AM,118,96,105
1573,07/30/2023,12:35 PM,122,95,109
1574,07/30/2023,12:35 PM,116,100,103
1575,07/30/2023,12:40 PM,99,111,86
1576,07/30/2023,12:40 PM,109,101,96
1577,07/30/2023,01:10 PM,110,121,97
1578,07/30/2023,01:10 PM,108,120,95
1579,07/30/2023,01:10 PM,107,117,94
1580,07/30/2023,01:15 PM,97,123,84
1581,07/30/2023,02:10 PM,102,112,89
1582,07/30/2023,03:05 PM,113,104,100
1583,07/30/2023,03:10 PM,103,106,90
1584,07/30/2023,03:10 PM,98,119,85
1585,07/30/2023,03:10 PM,115,105,102
1586,07/30/2023,04:10 PM,114,124,101
1587,07/31/2023,05:40 PM,109,100,96
1588,07/31/2023,06:05 PM,124,121,111
1589,07/31/2023,06:05 PM,111,95,98
1590,07/31/2023,06:07 PM,118,114,105
1591,07/31/2023,06:20 PM,122,96,109
1592,08/01/2023,07:05 PM,123,106,110
1593,08/01/2023,07:10 PM,110,117,97
1594,08/01/2023,07:40 PM,102,115,89
1595,08/01/2023,08:40 PM,119,104,106
1596,08/01/2023,08:45 PM,113,98,100
1597,08/01/2023,05:40 PM,109,100,96
1598,08/01/2023,06:05 PM,116,101,103
1599,08/01/2023,06:05 PM,124,121,111
1600,08/01/2023,06:05 PM,111,95,98
1601,08/01/2023,06:07 PM,118,114,105
1602,08/01/2023,06:20 PM,122,96,109
1603,08/01/2023,06:45 PM,97,120,84
1604,08/02/2023,07:05 PM,123,106,110
1605,08/02/2023,07:05 PM,105,107,92
1606,08/02/2023,07:10 PM,110,117,97
1607,08/02/2023,07:10 PM,108,99,95
1608,08/02/2023,07:40 PM,102,115,89
1609,08/02/2023,08:40 PM,119,104,106
1610,08/02/2023,08:45 PM,113,98,100
1611,08/02/2023,09:10 PM,103,112,90
1612,08/02/2023,11:20 AM,122,96,109
1613,08/02/2023,11:35 AM,116,101,103
1614,08/02/2023,12:05 PM,111,95,98
1615,08/02/2023,01:10 PM,110,117,97
1616,08/02/2023,02:10 PM,102,115,89
1617,08/02/2023,03:10 PM,119,104,106
1618,08/02/2023,05:40 PM,109,100,96
1619,08/02/2023,06:05 PM,124,121,111
1620,08/02/2023,06:07 PM,118,114,105
1621,08/02/2023,06:45 PM,97,120,84
1622,08/03/2023,07:05 PM,123,106,110
1623,08/03/2023,07:05 PM,105,107,92
1624,08/03/2023,07:10 PM,108,99,95
1625,08/03/2023,08:45 PM,113,98,100
1626,08/03/2023,09:10 PM,103,112,90
1627,08/03/2023,11:10 AM,109,100,96
1628,08/03/2023,01:05 PM,105,107,92
1629,08/03/2023,01:10 PM,108,99,95
1630,08/03/2023,02:07 PM,118,114,105
1631,08/03/2023,02:45 PM,113,98,100
1632,08/03/2023,06:15 PM,124,110,111
1633,08/03/2023,06:15 PM,95,116,82
1634,08/03/2023,06:45 PM,97,120,84
1635,08/04/2023,07:05 PM,123,106,110
1636,08/04/2023,08:38 PM,96,119,83
1637,08/04/2023,09:10 PM,103,112,90
1638,08/04/2023,01:20 PM,123,122,110
1639,08/04/2023,05:40 PM,106,111,93
1640,08/04/2023,05:40 PM,101,121,88
1641,08/04/2023,06:05 PM,114,99,101
1642,08/04/2023,06:05 PM,100,108,87
1643,08/04/2023,06:05 PM,124,110,111
1644,08/04/2023,06:10 PM,104,118,91
1645,08/04/2023,06:10 PM,117,107,104
1646,08/05/2023,07:05 PM,105,109,92
1647,08/05/2023,07:10 PM,120,98,107
1648,08/05/2023,07:10 PM,95,116,82
1649,08/05/2023,07:15 PM,97,102,84
1650,08/05/2023,08:38 PM,96,119,83
1651,08/05/2023,08:40 PM,115,103,102
1652,08/05/2023,12:05 PM,124,110,111
1653,08/05/2023,12:10 PM,101,121,88
1654,08/05/2023,01:20 PM,123,122,110
1655,08/05/2023,03:05 PM,105,109,92
1656,08/05/2023,03:10 PM,106,111,93
1657,08/05/2023,03:10 PM,104,118,91
1658,08/05/2023,05:05 PM,100,108,87
1659,08/05/2023,06:05 PM,114,99,101
1660,08/05/2023,06:07 PM,112,113,99
1661,08/05/2023,06:10 PM,120,98,107
1662,08/05/2023,06:10 PM,117,107,104
1663,08/05/2023,06:10 PM,95,116,82
1664,08/05/2023,06:15 PM,97,102,84
1665,08/06/2023,07:40 PM,115,103,102
1666,08/06/2023,08:07 PM,96,119,83
1667,08/06/2023,11:05 AM,117,107,104
1668,08/06/2023,12:35 PM,114,99,101
1669,08/06/2023,12:35 PM,104,118,91
1670,08/06/2023,12:35 PM,100,108,87
1671,08/06/2023,12:35 PM,124,110,111
1672,08/06/2023,12:40 PM,106,111,93
1673,08/06/2023,12:40 PM,101,121,88
1674,08/06/2023,01:10 PM,120,98,107
1675,08/06/2023,01:10 PM,95,116,82
1676,08/06/2023,01:15 PM,97,102,84
1677,08/06/2023,01:20 PM,123,122,110
1678,08/06/2023,01:35 PM,105,109,92
1679,08/06/2023,03:07 PM,96,119,83
1680,08/06/2023,03:07 PM,112,113,99
1681,08/06/2023,06:10 PM,115,103,102
1682,08/07/2023,03:10 PM,115,103,102
1683,08/07/2023,05:40 PM,101,120,88
1684,08/07/2023,05:40 PM,100,111,87
1685,08/07/2023,05:40 PM,106,109,93
1686,08/07/2023,06:05 PM,116,122,103
1687,08/07/2023,06:10 PM,104,108,91
1688,08/07/2023,06:10 PM,99,123,86
1689,08/07/2023,06:10 PM,117,118,104
1690,08/08/2023,07:10 PM,107,124,94
1691,08/08/2023,07:10 PM,95,102,82
1692,08/08/2023,08:38 PM,96,113,83
1693,08/08/2023,08:40 PM,112,105,99
1694,08/08/2023,05:40 PM,121,97,108
1695,08/08/2023,05:40 PM,101,120,88
1696,08/08/2023,05:40 PM,100,111,87
1697,08/08/2023,05:40 PM,106,109,93
1698,08/08/2023,06:05 PM,114,110,101
1699,08/08/2023,06:05 PM,116,122,103
1700,08/08/2023,06:10 PM,104,108,91
1701,08/08/2023,06:10 PM,99,123,86
1702,08/08/2023,06:10 PM,117,118,104
1703,08/09/2023,07:10 PM,107,124,94
1704,08/09/2023,07:10 PM,95,102,82
1705,08/09/2023,08:38 PM,96,113,83
1706,08/09/2023,08:40 PM,98,103,85
1707,08/09/2023,08:40 PM,119,115,106
1708,08/09/2023,08:40 PM,112,105,99
1709,08/09/2023,11:35 AM,106,109,93
1710,08/09/2023,01:10 PM,95,102,82
1711,08/09/2023,02:37 PM,112,105,99
1712,08/09/2023,05:40 PM,121,97,108
1713,08/09/2023,05:40 PM,101,120,88
1714,08/09/2023,05:40 PM,100,111,87
1715,08/09/2023,06:05 PM,114,110,101
1716,08/09/2023,06:05 PM,116,122,103
1717,08/09/2023,06:10 PM,104,108,91
1718,08/09/2023,06:10 PM,99,123,86
1719,08/09/2023,06:10 PM,117,118,104
1720,08/10/2023,07:10 PM,107,124,94
1721,08/10/2023,08:38 PM,96,113,83
1722,08/10/2023,08:40 PM,98,103,85
1723,08/10/2023,08:40 PM,119,115,106
1724,08/10/2023,11:35 AM,114,110,101
1725,08/10/2023,11:35 AM,116,122,103
1726,08/10/2023,12:10 PM,117,118,104
1727,08/10/2023,12:10 PM,101,120,88
1728,08/10/2023,05:40 PM,121,97,108
1729,08/10/2023,05:40 PM,100,111,87
1730,08/10/2023,06:10 PM,104,108,91
1731,08/11/2023,09:10 PM,103,102,90
1732,08/11/2023,05:40 PM,121,117,108
1733,08/11/2023,05:40 PM,109,124,96
1734,08/11/2023,06:05 PM,111,112,98
1735,08/11/2023,06:05 PM,116,106,103
1736,08/11/2023,06:05 PM,100,120,87
1737,08/11/2023,06:07 PM,118,123,105
1738,08/11/2023,06:10 PM,104,101,91
1739,08/11/2023,06:10 PM,99,122,86
1740,08/12/2023,07:10 PM,110,96,97
1741,08/12/2023,07:10 PM,108,97,95
1742,08/12/2023,07:10 PM,107,95,94
1743,08/12/2023,08:40 PM,98,115,85
1744,08/12/2023,09:10 PM,103,102,90
1745,08/12/2023,09:10 PM,119,114,106
1746,08/12/2023,09:15 PM,113,105,100
1747,08/12/2023,12:10 PM,99,122,86
1748,08/12/2023,02:07 PM,118,123,105
1749,08/12/2023,03:10 PM,104,101,91
1750,08/12/2023,03:10 PM,121,117,108
1751,08/12/2023,03:10 PM,109,124,96
1752,08/12/2023,05:05 PM,100,120,87
1753,08/12/2023,06:05 PM,111,112,98
1754,08/12/2023,06:05 PM,116,106,103
1755,08/12/2023,06:10 PM,108,97,95
1756,08/12/2023,06:15 PM,99,122,86
1757,08/12/2023,06:15 PM,110,96,97
1758,08/12/2023,06:15 PM,107,95,94
1759,08/13/2023,07:10 PM,98,115,85
1760,08/13/2023,08:05 PM,113,105,100
1761,08/13/2023,08:10 PM,103,102,90
1762,08/13/2023,08:40 PM,119,114,106
1763,08/13/2023,11:05 AM,104,101,91
1764,08/13/2023,12:35 PM,111,112,98
1765,08/13/2023,12:35 PM,116,106,103
1766,08/13/2023,12:35 PM,100,120,87
1767,08/13/2023,12:37 PM,118,123,105
1768,08/13/2023,12:40 PM,121,117,108
1769,08/13/2023,12:40 PM,109,124,96
1770,08/13/2023,01:10 PM,110,96,97
1771,08/13/2023,01:10 PM,107,95,94
1772,08/13/2023,03:05 PM,113,105,100
1773,08/13/2023,03:10 PM,103,102,90
1774,08/13/2023,03:10 PM,98,115,85
1775,08/13/2023,03:10 PM,119,114,106
1776,08/13/2023,06:10 PM,99,122,86
1777,08/14/2023,05:40 PM,109,110,96
1778,08/14/2023,06:10 PM,99,116,86
1779,08/14/2023,06:20 PM,122,124,109
1780,08/14/2023,06:45 PM,97,112,84
1781,08/15/2023,07:05 PM,105,96,92
1782,08/15/2023,07:10 PM,108,119,95
1783,08/15/2023,07:40 PM,102,98,89
1784,08/15/2023,08:40 PM,115,114,102
1785,08/15/2023,08:45 PM,113,121,100
1786,08/15/2023,05:40 PM,106,117,93
1787,08/15/2023,05:40 PM,109,110,96
1788,08/15/2023,06:05 PM,111,104,98
1789,08/15/2023,06:07 PM,118,100,105
1790,08/15/2023,06:10 PM,99,116,86
1791,08/15/2023,06:20 PM,122,124,109
1792,08/15/2023,06:40 PM,120,101,107
1793,08/15/2023,06:45 PM,97,112,84
1794,08/16/2023,07:05 PM,105,96,92
1795,08/16/2023,07:05 PM,123,107,110
1796,08/16/2023,07:10 PM,108,119,95
1797,08/16/2023,07:40 PM,102,98,89
1798,08/16/2023,08:40 PM,115,114,102
1799,08/16/2023,08:45 PM,113,121,100
1800,08/16/2023,09:10 PM,103,95,90
1801,08/16/2023,12:10 PM,99,116,86
1802,08/16/2023,12:10 PM,120,101,107
1803,08/16/2023,02:10 PM,102,98,89
1804,08/16/2023,02:45 PM,113,121,100
1805,08/16/2023,05:40 PM,106,117,93
1806,08/16/2023,05:40 PM,109,110,96
1807,08/16/2023,05:45 PM,97,112,84
1808,08/16/2023,06:05 PM,111,104,98
1809,08/16/2023,06:07 PM,118,100,105
1810,08/16/2023,06:20 PM,122,124,109
1811,08/17/2023,07:05 PM,105,96,92
1812,08/17/2023,07:05 PM,123,107,110
1813,08/17/2023,07:10 PM,108,119,95
1814,08/17/2023,07:40 PM,115,114,102
1815,08/17/2023,09:10 PM,103,95,90
1816,08/17/2023,01:10 PM,108,119,95
1817,08/17/2023,03:05 PM,111,104,98
1818,08/17/2023,06:15 PM,117,101,104
1819,08/17/2023,06:15 PM,97,99,84
1820,08/18/2023,08:40 PM,115,98,102
1821,08/18/2023,09:10 PM,103,95,90
1822,08/18/2023,01:20 PM,123,108,110
1823,08/18/2023,05:40 PM,106,118,93
1824,08/18/2023,06:05 PM,111,100,98
1825,08/18/2023,06:05 PM,124,104,111
1826,08/18/2023,06:10 PM,117,101,104
1827,08/18/2023,06:20 PM,122,113,109
1828,08/19/2023,07:05 PM,105,95,92
1829,08/19/2023,07:10 PM,110,119,97
1830,08/19/2023,07:10 PM,120,116,107
1831,08/19/2023,07:15 PM,97,99,84
1832,08/19/2023,07:40 PM,102,107,89
1833,08/19/2023,08:38 PM,96,121,83
1834,08/19/2023,08:40 PM,112,114,99
1835,08/19/2023,08:40 PM,115,98,102
1836,08/19/2023,09:10 PM,103,109,90
1837,08/19/2023,12:05 PM,124,104,111
1838,08/19/2023,01:20 PM,123,108,110
1839,08/19/2023,03:05 PM,111,100,98
1840,08/19/2023,03:05 PM,105,95,92
1841,08/19/2023,05:40 PM,106,118,93
1842,08/19/2023,06:10 PM,117,101,104
1843,08/19/2023,06:10 PM,110,119,97
1844,08/19/2023,06:10 PM,120,116,107
1845,08/19/2023,06:15 PM,97,99,84
1846,08/19/2023,06:20 PM,122,113,109
1847,08/20/2023,07:10 PM,102,107,89
1848,08/20/2023,07:40 PM,115,98,102
1849,08/20/2023,08:07 PM,112,114,99
1850,08/20/2023,08:07 PM,96,121,83
1851,08/20/2023,08:10 PM,103,109,90
1852,08/20/2023,12:05 PM,110,119,97
1853,08/20/2023,12:35 PM,122,113,109
1854,08/20/2023,12:35 PM,124,104,111
1855,08/20/2023,12:40 PM,117,101,104
1856,08/20/2023,12:40 PM,106,118,93
1857,08/20/2023,01:10 PM,120,116,107
1858,08/20/2023,01:15 PM,97,99,84
1859,08/20/2023,01:20 PM,123,108,110
1860,08/20/2023,01:35 PM,105,95,92
1861,08/20/2023,02:10 PM,102,107,89
1862,08/20/2023,03:07 PM,112,114,99
1863,08/20/2023,03:07 PM,96,121,83
1864,08/20/2023,03:10 PM,115,98,102
1865,08/20/2023,03:10 PM,103,109,90
1866,08/20/2023,06:10 PM,111,100,98
1867,08/21/2023,05:40 PM,101,123,88
1868,08/21/2023,05:40 PM,100,113,87
1869,08/21/2023,06:05 PM,116,97,103
1870,08/21/2023,06:20 PM,122,99,109
1871,08/22/2023,07:10 PM,110,104,97
1872,08/22/2023,07:10 PM,107,119,94
1873,08/22/2023,08:38 PM,96,106,83
1874,08/22/2023,08:40 PM,112,108,99
1875,08/22/2023,08:40 PM,98,105,85
1876,08/22/2023,08:40 PM,115,109,102
1877,08/22/2023,05:40 PM,101,123,88
1878,08/22/2023,05:40 PM,121,102,108
1879,08/22/2023,05:40 PM,100,113,87
1880,08/22/2023,06:05 PM,116,97,103
1881,08/22/2023,06:05 PM,114,118,101
1882,08/22/2023,06:05 PM,124,111,111
1883,08/22/2023,06:10 PM,117,103,104
1884,08/22/2023,06:20 PM,122,99,109
1885,08/23/2023,07:10 PM,110,104,97
1886,08/23/2023,07:10 PM,107,119,94
1887,08/23/2023,07:10 PM,95,120,82
1888,08/23/2023,08:38 PM,96,106,83
1889,08/23/2023,08:40 PM,112,108,99
1890,08/23/2023,08:40 PM,98,105,85
1891,08/23/2023,08:40 PM,115,109,102
1892,08/23/2023,11:35 AM,116,97,103
1893,08/23/2023,12:10 PM,101,123,88
1894,08/23/2023,01:10 PM,107,119,94
1895,08/23/2023,01:10 PM,95,120,82
1896,08/23/2023,02:37 PM,112,108,99
1897,08/23/2023,03:05 PM,100,113,87
1898,08/23/2023,03:07 PM,96,106,83
1899,08/23/2023,03:10 PM,115,109,102
1900,08/23/2023,05:40 PM,121,102,108
1901,08/23/2023,06:05 PM,114,118,101
1902,08/23/2023,06:05 PM,124,111,111
1903,08/23/2023,06:10 PM,117,103,104
1904,08/23/2023,06:20 PM,122,99,109
1905,08/24/2023,07:10 PM,110,104,97
1906,08/24/2023,12:05 PM,124,111,111
1907,08/24/2023,12:10 PM,117,103,104
1908,08/24/2023,12:10 PM,121,102,108
1909,08/24/2023,01:10 PM,110,104,97
1910,08/24/2023,06:05 PM,116,123,103
1911,08/24/2023,06:05 PM,114,118,101
1912,08/24/2023,06:10 PM,120,105,107
1913,08/25/2023,07:10 PM,107,112,94
1914,08/25/2023,08:40 PM,98,106,85
1915,08/25/2023,05:40 PM,101,110,88
1916,08/25/2023,05:40 PM,109,111,96
1917,08/25/2023,05:40 PM,121,124,108
1918,08/25/2023,06:05 PM,114,102,101
1919,08/25/2023,06:05 PM,116,123,103
1920,08/25/2023,06:05 PM,100,97,87
1921,08/25/2023,06:07 PM,118,117,105
1922,08/25/2023,06:10 PM,104,103,91
1923,08/25/2023,06:10 PM,99,96,86
1924,08/25/2023,06:10 PM,107,112,94
1925,08/26/2023,07:10 PM,120,105,107
1926,08/26/2023,07:10 PM,95,115,82
1927,08/26/2023,08:40 PM,98,106,85
1928,08/26/2023,09:10 PM,119,108,106
1929,08/26/2023,09:15 PM,113,122,100
1930,08/26/2023,02:07 PM,118,117,105
1931,08/26/2023,03:05 PM,113,122,100
1932,08/26/2023,03:10 PM,104,103,91
1933,08/26/2023,03:10 PM,119,108,106
1934,08/26/2023,03:10 PM,109,111,96
1935,08/26/2023,03:10 PM,121,124,108
1936,08/26/2023,05:10 PM,101,110,88
1937,08/26/2023,06:05 PM,114,102,101
1938,08/26/2023,06:10 PM,99,96,86
1939,08/26/2023,06:10 PM,107,112,94
1940,08/26/2023,06:10 PM,95,115,82
1941,08/26/2023,06:15 PM,116,123,103
1942,08/26/2023,06:15 PM,120,105,107
1943,08/26/2023,06:15 PM,100,97,87
1944,08/27/2023,07:10 PM,98,106,85
1945,08/27/2023,11:05 AM,99,96,86
1946,08/27/2023,12:35 PM,114,102,101
1947,08/27/2023,12:35 PM,116,123,103
1948,08/27/2023,12:35 PM,100,97,87
1949,08/27/2023,12:35 PM,104,103,91
1950,08/27/2023,12:37 PM,118,117,105
1951,08/27/2023,12:40 PM,101,110,88
1952,08/27/2023,12:40 PM,109,111,96
1953,08/27/2023,12:40 PM,121,124,108
1954,08/27/2023,01:10 PM,120,105,107
1955,08/27/2023,01:10 PM,107,112,94
1956,08/27/2023,01:10 PM,95,115,82
1957,08/27/2023,03:05 PM,113,122,100
1958,08/27/2023,03:10 PM,98,106,85
1959,08/27/2023,03:10 PM,119,108,106
1960,08/28/2023,05:40 PM,100,96,87
1961,08/28/2023,05:40 PM,101,124,88
1962,08/28/2023,06:05 PM,114,107,101
1963,08/28/2023,06:07 PM,118,111,105
1964,08/28/2023,06:10 PM,104,110,91
1965,08/28/2023,06:10 PM,99,105,86
1966,08/28/2023,06:40 PM,120,117,107
1967,08/28/2023,06:45 PM,97,115,84
1968,08/29/2023,07:05 PM,123,95,110
1969,08/29/2023,07:10 PM,108,116,95
1970,08/29/2023,07:40 PM,102,122,89
1971,08/29/2023,08:40 PM,119,112,106
1972,08/29/2023,08:45 PM,113,106,100
1973,08/29/2023,09:10 PM,103,98,90
1974,08/29/2023,05:40 PM,100,96,87
1975,08/29/2023,05:40 PM,109,121,96
1976,08/29/2023,05:40 PM,101,124,88
1977,08/29/2023,06:05 PM,114,107,101
1978,08/29/2023,06:07 PM,118,111,105
1979,08/29/2023,06:10 PM,104,110,91
1980,08/29/2023,06:10 PM,99,105,86
1981,08/29/2023,06:40 PM,120,117,107
1982,08/29/2023,06:45 PM,97,115,84
1983,08/30/2023,07:05 PM,123,95,110
1984,08/30/2023,07:10 PM,108,116,95
1985,08/30/2023,07:40 PM,102,122,89
1986,08/30/2023,08:40 PM,119,112,106
1987,08/30/2023,08:45 PM,113,106,100
1988,08/30/2023,09:10 PM,103,98,90
1989,08/30/2023,12:05 PM,100,96,87
1990,08/30/2023,12:05 PM,114,107,101
1991,08/30/2023,12:10 PM,120,117,107
1992,08/30/2023,01:15 PM,97,115,84
1993,08/30/2023,01:20 PM,123,95,110
1994,08/30/2023,02:07 PM,118,111,105
1995,08/30/2023,02:45 PM,113,106,100
1996,08/30/2023,03:10 PM,104,110,91
1997,08/30/2023,03:10 PM,119,112,106
1998,08/30/2023,05:40 PM,99,105,86
1999,08/30/2023,05:40 PM,109,121,96
2000,08/30/2023,05:40 PM,101,124,88
2001,08/31/2023,07:10 PM,108,116,95
2002,08/31/2023,07:40 PM,102,122,89
2003,08/31/2023,09:10 PM,103,98,90
2004,08/31/2023,12:10 PM,101,124,88
2005,08/31/2023,06:05 PM,111,109,98
2006,09/01/2023,08:40 PM,115,113,102
2007,09/01/2023,09:10 PM,103,122,90
2008,09/01/2023,12:10 PM,106,123,93
2009,09/01/2023,05:40 PM,106,123,93
2010,09/01/2023,06:05 PM,111,109,98
2011,09/01/2023,06:10 PM,99,119,86
2012,09/01/2023,06:10 PM,117,121,104
2013,09/02/2023,07:05 PM,105,120,92
2014,09/02/2023,07:10 PM,108,104,95
2015,09/02/2023,07:10 PM,107,101,94
2016,09/02/2023,07:10 PM,110,124,97
2017,09/02/2023,07:10 PM,95,100,82
2018,09/02/2023,07:15 PM,97,116,84
2019,09/02/2023,07:40 PM,102,118,89
2020,09/02/2023,08:40 PM,98,114,85
2021,09/02/2023,08:40 PM,112,96,99
2022,09/02/2023,08:40 PM,115,113,102
2023,09/02/2023,09:10 PM,103,122,90
2024,09/02/2023,03:05 PM,111,109,98
2025,09/02/2023,03:07 PM,112,96,99
2026,09/02/2023,05:10 PM,117,121,104
2027,09/02/2023,05:40 PM,106,123,93
2028,09/02/2023,06:10 PM,108,104,95
2029,09/02/2023,06:10 PM,99,119,86
2030,09/02/2023,06:10 PM,107,101,94
2031,09/02/2023,06:10 PM,110,124,97
2032,09/02/2023,06:15 PM,97,116,84
2033,09/02/2023,06:15 PM,105,120,92
2034,09/02/2023,06:15 PM,95,100,82
2035,09/03/2023,07:10 PM,98,114,85
2036,09/03/2023,07:10 PM,102,118,89
2037,09/03/2023,07:40 PM,115,113,102
2038,09/03/2023,08:10 PM,103,122,90
2039,09/03/2023,11:10 AM,106,123,93
2040,09/03/2023,12:05 PM,95,100,82
2041,09/03/2023,12:35 PM,111,109,98
2042,09/03/2023,12:40 PM,99,119,86
2043,09/03/2023,01:10 PM,108,104,95
2044,09/03/2023,01:10 PM,107,101,94
2045,09/03/2023,01:15 PM,97,116,84
2046,09/03/2023,01:35 PM,105,120,92
2047,09/03/2023,02:10 PM,102,118,89
2048,09/03/2023,03:07 PM,112,96,99
2049,09/03/2023,03:10 PM,98,114,85
2050,09/03/2023,03:10 PM,115,113,102
2051,09/03/2023,03:10 PM,117,121,104
2052,09/03/2023,03:10 PM,103,122,90
2053,09/03/2023,06:10 PM,110,124,97
2054,09/04/2023,01:10 PM,108,107,95
2055,09/04/2023,01:20 PM,123,113,110
2056,09/04/2023,03:05 PM,105,110,92
2057,09/04/2023,03:07 PM,112,118,99
2058,09/04/2023,03:10 PM,98,102,85
2059,09/04/2023,03:10 PM,106,119,93
2060,09/04/2023,03:10 PM,121,104,108
2061,09/04/2023,05:10 PM,117,120,104
2062,09/04/2023,05:35 PM,116,95,103
2063,09/04/2023,05:40 PM,115,100,102
2064,09/05/2023,08:38 PM,96,114,83
2065,09/05/2023,05:10 PM,117,120,104
2066,09/05/2023,05:35 PM,116,95,103
2067,09/05/2023,05:40 PM,106,119,93
2068,09/05/2023,05:40 PM,121,104,108
2069,09/05/2023,05:40 PM,109,103,96
2070,09/05/2023,06:05 PM,111,99,98
2071,09/05/2023,06:05 PM,124,101,111
2072,09/05/2023,06:20 PM,122,97,109
2073,09/05/2023,06:40 PM,123,113,110
2074,09/05/2023,06:40 PM,108,107,95
2075,09/06/2023,07:05 PM,105,110,92
2076,09/06/2023,08:38 PM,96,114,83
2077,09/06/2023,08:40 PM,98,102,85
2078,09/06/2023,08:40 PM,112,118,99
2079,09/06/2023,08:40 PM,115,100,102
2080,09/06/2023,11:35 AM,116,95,103
2081,09/06/2023,12:10 PM,117,120,104
2082,09/06/2023,01:20 PM,123,113,110
2083,09/06/2023,02:37 PM,112,118,99
2084,09/06/2023,02:40 PM,98,102,85
2085,09/06/2023,03:10 PM,115,100,102
2086,09/06/2023,05:40 PM,106,119,93
2087,09/06/2023,05:40 PM,121,104,108
2088,09/06/2023,05:40 PM,109,103,96
2089,09/06/2023,06:05 PM,111,99,98
2090,09/06/2023,06:05 PM,124,101,111
2091,09/06/2023,06:20 PM,122,97,109
2092,09/06/2023,06:40 PM,108,107,95
2093,09/07/2023,07:05 PM,105,110,92
2094,09/07/2023,08:38 PM,96,114,83
2095,09/07/2023,05:40 PM,121,119,108
2096,09/07/2023,05:40 PM,109,103,96
2097,09/07/2023,06:05 PM,124,101,111
2098,09/07/2023,06:20 PM,122,97,109
2099,09/07/2023,06:40 PM,123,98,110
2100,09/08/2023,08:38 PM,96,117,83
2101,09/08/2023,01:20 PM,123,98,110
2102,09/08/2023,05:40 PM,106,97,93
2103,09/08/2023,05:40 PM,121,119,108
2104,09/08/2023,05:40 PM,101,107,88
2105,09/08/2023,06:05 PM,111,103,98
2106,09/08/2023,06:05 PM,100,109,87
2107,09/08/2023,06:05 PM,124,95,111
2108,09/08/2023,06:07 PM,118,108,105
2109,09/08/2023,06:10 PM,104,114,91
2110,09/08/2023,06:20 PM,122,116,109
2111,09/09/2023,07:05 PM,105,112,92
2112,09/09/2023,07:10 PM,110,115,97
2113,09/09/2023,07:10 PM,120,99,107
2114,09/09/2023,08:38 PM,96,117,83
2115,09/09/2023,09:15 PM,113,102,100
2116,09/09/2023,01:05 PM,124,95,111
2117,09/09/2023,01:10 PM,120,99,107
2118,09/09/2023,01:20 PM,123,98,110
2119,09/09/2023,02:07 PM,118,108,105
2120,09/09/2023,03:05 PM,111,103,98
2121,09/09/2023,03:05 PM,121,119,108
2122,09/09/2023,03:10 PM,104,114,91
2123,09/09/2023,05:05 PM,100,109,87
2124,09/09/2023,05:10 PM,101,107,88
2125,09/09/2023,05:40 PM,106,97,93
2126,09/09/2023,06:05 PM,105,112,92
2127,09/09/2023,06:10 PM,110,115,97
2128,09/09/2023,06:20 PM,122,116,109
2129,09/10/2023,08:05 PM,113,102,100
2130,09/10/2023,08:07 PM,96,117,83
2131,09/10/2023,12:05 PM,100,109,87
2132,09/10/2023,12:10 PM,121,119,108
2133,09/10/2023,12:10 PM,101,107,88
2134,09/10/2023,12:35 PM,122,116,109
2135,09/10/2023,12:35 PM,104,114,91
2136,09/10/2023,12:35 PM,111,103,98
2137,09/10/2023,12:35 PM,124,95,111
2138,09/10/2023,12:37 PM,118,108,105
2139,09/10/2023,12:40 PM,106,97,93
2140,09/10/2023,01:10 PM,110,115,97
2141,09/10/2023,01:10 PM,120,99,107
2142,09/10/2023,01:20 PM,123,98,110
2143,09/10/2023,01:35 PM,105,112,92
2144,09/10/2023,03:05 PM,113,102,100
2145,09/10/2023,03:07 PM,96,117,83
2146,09/11/2023,12:05 PM,100,122,87
2147,09/11/2023,05:35 PM,116,111,103
2148,09/11/2023,05:35 PM,114,97,101
2149,09/11/2023,05:40 PM,100,122,87
2150,09/11/2023,06:07 PM,118,105,105
2151,09/11/2023,06:10 PM,99,98,86
2152,09/11/2023,06:10 PM,104,124,91
2153,09/11/2023,06:40 PM,120,121,107
2154,09/11/2023,06:40 PM,107,108,94
2155,09/11/2023,06:40 PM,95,109,82
2156,09/12/2023,07:10 PM,110,112,97
2157,09/12/2023,07:40 PM,102,123,89
2158,09/12/2023,08:40 PM,119,96,106
2159,09/12/2023,08:45 PM,113,117,100
2160,09/12/2023,09:10 PM,103,115,90
2161,09/12/2023,05:35 PM,116,111,103
2162,09/12/2023,05:35 PM,114,97,101
2163,09/12/2023,05:40 PM,101,106,88
2164,09/12/2023,05:40 PM,100,122,87
2165,09/12/2023,06:07 PM,118,105,105
2166,09/12/2023,06:10 PM,99,98,86
2167,09/12/2023,06:10 PM,104,124,91
2168,09/12/2023,06:40 PM,120,121,107
2169,09/12/2023,06:40 PM,107,108,94
2170,09/12/2023,06:40 PM,95,109,82
2171,09/13/2023,07:10 PM,110,112,97
2172,09/13/2023,07:40 PM,102,123,89
2173,09/13/2023,08:40 PM,119,96,106
2174,09/13/2023,08:45 PM,113,117,100
2175,09/13/2023,09:10 PM,103,115,90
2176,09/13/2023,12:10 PM,120,121,107
2177,09/13/2023,02:10 PM,102,123,89
2178,09/13/2023,02:45 PM,113,117,100
2179,09/13/2023,03:10 PM,119,96,106
2180,09/13/2023,05:35 PM,116,111,103
2181,09/13/2023,05:35 PM,114,97,101
2182,09/13/2023,05:40 PM,101,106,88
2183,09/13/2023,05:40 PM,100,122,87
2184,09/13/2023,06:07 PM,118,105,105
2185,09/13/2023,06:10 PM,99,98,86
2186,09/13/2023,06:10 PM,110,112,97
2187,09/13/2023,06:10 PM,104,124,91
2188,09/13/2023,06:40 PM,107,108,94
2189,09/13/2023,06:40 PM,95,109,82
2190,09/14/2023,09:10 PM,103,115,90
2191,09/14/2023,11:35 AM,116,111,103
2192,09/14/2023,12:10 PM,101,106,88
2193,09/14/2023,01:10 PM,95,109,82
2194,09/14/2023,03:10 PM,99,98,86
2195,09/14/2023,05:35 PM,114,121,101
2196,09/14/2023,06:07 PM,118,105,105
2197,09/14/2023,06:10 PM,107,120,94
2198,09/14/2023,06:15 PM,104,124,91
2199,09/15/2023,07:40 PM,102,113,89
2200,09/15/2023,05:35 PM,116,124,103
2201,09/15/2023,05:40 PM,109,122,96
2202,09/15/2023,06:05 PM,114,121,101
2203,09/15/2023,06:07 PM,118,104,105
2204,09/15/2023,06:10 PM,99,106,86
2205,09/15/2023,06:10 PM,117,105,104
2206,09/15/2023,06:40 PM,107,120,94
2207,09/16/2023,07:10 PM,108,110,95
2208,09/16/2023,07:10 PM,95,111,82
2209,09/16/2023,07:15 PM,97,100,84
2210,09/16/2023,07:40 PM,102,113,89
2211,09/16/2023,08:38 PM,96,101,83
2212,09/16/2023,08:40 PM,98,123,85
2213,09/16/2023,08:40 PM,112,115,99
2214,09/16/2023,09:10 PM,119,103,106
2215,09/16/2023,02:07 PM,118,104,105
2216,09/16/2023,03:07 PM,112,115,99
2217,09/16/2023,03:10 PM,109,122,96
2218,09/16/2023,05:10 PM,117,105,104
2219,09/16/2023,05:35 PM,116,124,103
2220,09/16/2023,06:05 PM,114,121,101
2221,09/16/2023,06:10 PM,108,110,95
2222,09/16/2023,06:10 PM,99,106,86
2223,09/16/2023,06:10 PM,107,120,94
2224,09/16/2023,06:10 PM,95,111,82
2225,09/16/2023,06:15 PM,97,100,84
2226,09/17/2023,07:10 PM,98,123,85
2227,09/17/2023,07:10 PM,102,113,89
2228,09/17/2023,08:07 PM,96,101,83
2229,09/17/2023,08:40 PM,119,103,106
2230,09/17/2023,12:35 PM,114,121,101
2231,09/17/2023,12:35 PM,116,124,103
2232,09/17/2023,12:37 PM,118,104,105
2233,09/17/2023,12:40 PM,99,106,86
2234,09/17/2023,12:40 PM,117,105,104
2235,09/17/2023,12:40 PM,109,122,96
2236,09/17/2023,01:10 PM,108,110,95
2237,09/17/2023,01:10 PM,107,120,94
2238,09/17/2023,01:10 PM,95,111,82
2239,09/17/2023,01:15 PM,97,100,84
2240,09/17/2023,02:10 PM,102,113,89
2241,09/17/2023,03:07 PM,96,101,83
2242,09/17/2023,03:07 PM,112,115,99
2243,09/17/2023,03:10 PM,98,123,85
2244,09/17/2023,03:10 PM,119,103,106
2245,09/18/2023,01:10 PM,108,117,95
2246,09/18/2023,05:40 PM,106,120,93
2247,09/18/2023,05:40 PM,109,99,96
2248,09/18/2023,06:05 PM,111,107,98
2249,09/18/2023,06:20 PM,122,100,109
2250,09/18/2023,06:45 PM,97,95,84
2251,09/19/2023,07:05 PM,105,104,92
2252,09/19/2023,07:10 PM,110,114,97
2253,09/19/2023,08:40 PM,115,102,102
2254,09/19/2023,08:40 PM,112,119,99
2255,09/19/2023,09:10 PM,103,101,90
2256,09/19/2023,05:40 PM,121,96,108
2257,09/19/2023,05:40 PM,106,120,93
2258,09/19/2023,05:40 PM,109,99,96
2259,09/19/2023,06:05 PM,111,107,98
2260,09/19/2023,06:05 PM,124,118,111
2261,09/19/2023,06:20 PM,122,100,109
2262,09/19/2023,06:40 PM,108,117,95
2263,09/19/2023,06:40 PM,123,116,110
2264,09/19/2023,06:45 PM,97,95,84
2265,09/20/2023,07:05 PM,105,104,92
2266,09/20/2023,07:10 PM,110,114,97
2267,09/20/2023,08:40 PM,115,102,102
2268,09/20/2023,08:40 PM,112,119,99
2269,09/20/2023,08:40 PM,98,113,85
2270,09/20/2023,09:10 PM,103,101,90
2271,09/20/2023,11:20 AM,122,100,109
2272,09/20/2023,11:35 AM,106,120,93
2273,09/20/2023,12:05 PM,111,107,98
2274,09/20/2023,01:05 PM,105,104,92
2275,09/20/2023,01:10 PM,110,114,97
2276,09/20/2023,01:10 PM,108,117,95
2277,09/20/2023,02:37 PM,112,119,99
2278,09/20/2023,02:40 PM,98,113,85
2279,09/20/2023,03:10 PM,115,102,102
2280,09/20/2023,05:40 PM,121,96,108
2281,09/20/2023,05:40 PM,109,99,96
2282,09/20/2023,06:05 PM,124,118,111
2283,09/20/2023,06:40 PM,123,116,110
2284,09/20/2023,06:45 PM,97,95,84
2285,09/21/2023,09:10 PM,103,101,90
2286,09/21/2023,12:10 PM,121,96,108
2287,09/21/2023,12:15 PM,97,95,84
2288,09/21/2023,06:05 PM,100,99,87
2289,09/21/2023,06:05 PM,111,122,98
2290,09/21/2023,06:05 PM,124,118,111
2291,09/21/2023,06:10 PM,117,114,104
2292,09/21/2023,06:40 PM,123,116,110
2293,09/22/2023,08:40 PM,112,101,99
2294,09/22/2023,09:10 PM,103,113,90
2295,09/22/2023,01:20 PM,123,102,110
2296,09/22/2023,05:40 PM,106,116,93
2297,09/22/2023,05:40 PM,121,118,108
2298,09/22/2023,05:40 PM,109,95,96
2299,09/22/2023,06:05 PM,100,99,87
2300,09/22/2023,06:05 PM,111,122,98
2301,09/22/2023,06:05 PM,124,98,111
2302,09/22/2023,06:10 PM,117,114,104
2303,09/22/2023,06:10 PM,104,107,91
2304,09/23/2023,07:05 PM,105,119,92
2305,09/23/2023,07:10 PM,110,108,97
2306,09/23/2023,07:10 PM,120,96,107
2307,09/23/2023,08:40 PM,112,101,99
2308,09/23/2023,08:40 PM,115,97,102
2309,09/23/2023,09:10 PM,103,113,90
2310,09/23/2023,12:05 PM,111,122,98
2311,09/23/2023,12:05 PM,124,98,111
2312,09/23/2023,01:10 PM,120,96,107
2313,09/23/2023,01:20 PM,123,102,110
2314,09/23/2023,03:05 PM,100,99,87
2315,09/23/2023,03:07 PM,112,101,99
2316,09/23/2023,03:10 PM,121,118,108
2317,09/23/2023,03:10 PM,104,107,91
2318,09/23/2023,03:10 PM,109,95,96
2319,09/23/2023,05:10 PM,117,114,104
2320,09/23/2023,05:40 PM,106,116,93
2321,09/23/2023,06:05 PM,105,119,92
2322,09/23/2023,06:10 PM,110,108,97
2323,09/24/2023,07:40 PM,115,97,102
2324,09/24/2023,08:10 PM,103,113,90
2325,09/24/2023,12:05 PM,100,99,87
2326,09/24/2023,12:10 PM,121,118,108
2327,09/24/2023,12:35 PM,111,122,98
2328,09/24/2023,12:35 PM,104,107,91
2329,09/24/2023,12:35 PM,124,98,111
2330,09/24/2023,12:40 PM,117,114,104
2331,09/24/2023,12:40 PM,106,116,93
2332,09/24/2023,12:40 PM,109,95,96
2333,09/24/2023,01:10 PM,110,108,97
2334,09/24/2023,01:10 PM,120,96,107
2335,09/24/2023,01:20 PM,123,102,110
2336,09/24/2023,01:35 PM,105,119,92
2337,09/24/2023,03:07 PM,112,101,99
2338,09/24/2023,03:10 PM,103,113,90
2339,09/24/2023,03:10 PM,115,97,102
2340,09/25/2023,06:40 PM,107,98,94
2341,09/26/2023,08:38 PM,96,105,83
2342,09/26/2023,08:40 PM,119,110,106
2343,09/26/2023,08:45 PM,113,115,100
2344,09/26/2023,02:10 PM,102,103,89
2345,09/26/2023,05:10 PM,117,106,104
2346,09/26/2023,05:35 PM,114,111,101
2347,09/26/2023,05:40 PM,101,108,88
2348,09/26/2023,05:40 PM,100,116,87
2349,09/26/2023,06:07 PM,118,124,105
2350,09/26/2023,06:10 PM,104,121,91
2351,09/26/2023,06:10 PM,99,109,86
2352,09/26/2023,06:20 PM,122,123,109
2353,09/26/2023,06:40 PM,120,112,107
2354,09/26/2023,06:40 PM,107,98,94
2355,09/26/2023,06:40 PM,95,97,82
2356,09/27/2023,07:40 PM,102,103,89
2357,09/27/2023,08:38 PM,96,105,83
2358,09/27/2023,08:40 PM,119,110,106
2359,09/27/2023,08:45 PM,113,115,100
2360,09/27/2023,01:10 PM,107,98,94
2361,09/27/2023,05:10 PM,117,106,104
2362,09/27/2023,05:10 PM,104,121,91
2363,09/27/2023,05:35 PM,114,111,101
2364,09/27/2023,05:40 PM,101,108,88
2365,09/27/2023,05:40 PM,100,116,87
2366,09/27/2023,06:07 PM,118,124,105
2367,09/27/2023,06:10 PM,99,109,86
2368,09/27/2023,06:20 PM,122,123,109
2369,09/27/2023,06:40 PM,120,112,107
2370,09/27/2023,06:40 PM,95,97,82
2371,09/28/2023,07:40 PM,102,103,89
2372,09/28/2023,08:38 PM,96,105,83
2373,09/28/2023,08:40 PM,119,110,106
2374,09/28/2023,08:45 PM,113,115,100
2375,09/28/2023,12:10 PM,101,108,88
2376,09/28/2023,12:10 PM,120,112,107
2377,09/28/2023,05:05 PM,100,116,87
2378,09/28/2023,05:35 PM,114,104,101
2379,09/28/2023,06:07 PM,118,124,105
2380,09/28/2023,06:10 PM,99,109,86
2381,09/28/2023,06:20 PM,122,123,109
2382,09/28/2023,06:40 PM,95,97,82
2383,09/29/2023,07:40 PM,102,103,89
2384,09/29/2023,08:40 PM,119,105,106
2385,09/29/2023,05:35 PM,116,109,103
2386,09/29/2023,05:40 PM,101,117,88
2387,09/29/2023,06:05 PM,114,104,101
2388,09/29/2023,06:07 PM,118,121,105
2389,09/29/2023,06:10 PM,99,100,86
2390,09/29/2023,06:20 PM,122,111,109
2391,09/29/2023,06:40 PM,107,115,94
2392,09/30/2023,07:10 PM,102,120,89
2393,09/30/2023,07:10 PM,108,124,95
2394,09/30/2023,07:10 PM,95,123,82
2395,09/30/2023,07:15 PM,97,106,84
2396,09/30/2023,08:38 PM,96,112,83
2397,09/30/2023,08:40 PM,98,110,85
2398,09/30/2023,09:10 PM,119,105,106
2399,09/30/2023,09:15 PM,113,103,100
2400,09/30/2023,12:10 PM,101,117,88
2401,09/30/2023,02:07 PM,118,121,105
2402,09/30/2023,05:35 PM,116,109,103
2403,09/30/2023,06:05 PM,114,104,101
2404,09/30/2023,06:10 PM,99,100,86
2405,09/30/2023,06:10 PM,107,115,94
2406,09/30/2023,06:10 PM,108,124,95
2407,09/30/2023,06:10 PM,95,123,82
2408,09/30/2023,06:15 PM,97,106,84
2409,09/30/2023,06:20 PM,122,111,109
2410,10/01/2023,07:10 PM,98,110,85
2411,10/01/2023,07:10 PM,102,120,89
2412,10/01/2023,08:05 PM,113,103,100
2413,10/01/2023,08:07 PM,96,112,83
2414,10/01/2023,08:40 PM,119,105,106
2415,10/01/2023,02:05 PM,122,111,109
2416,10/01/2023,02:05 PM,114,104,101
2417,10/01/2023,02:05 PM,113,103,100
2418,10/01/2023,02:05 PM,116,109,103
2419,10/01/2023,02:07 PM,96,112,83
2420,10/01/2023,02:07 PM,118,121,105
2421,10/01/2023,02:10 PM,101,117,88
2422,10/01/2023,02:10 PM,98,110,85
2423,10/01/2023,02:10 PM,119,105,106
2424,10/01/2023,02:10 PM,102,120,89
2425,10/01/2023,02:10 PM,99,100,86
2426,10/01/2023,02:10 PM,107,115,94
2427,10/01/2023,02:10 PM,108,124,95
2428,10/01/2023,02:10 PM,95,123,82
2429,10/01/2023,02:15 PM,97,106,84
